Mean_X,Std_X,Mean_Y,Std_Y,Mean_Z,Std_Z,Activity
-0.688287212,1.772467117,-5.166042394,4.226400433,2.620757524,7.158987219,hand_wash
0.007161345,0.38694785,-4.84767367,0.560327097,-9.058616006,0.511885107,hand_wash
0.213322733,0.4465368,-4.117228251,0.28714634,-9.412889079,0.365754546,hand_wash
-1.196690404,4.536307186,-8.388934071,3.795463028,-4.407655287,9.513426999,hand_wash
-1.435233985,4.019827355,-9.202628022,3.691938868,-4.233382168,9.628260128,hand_wash
0.253048783,2.227077486,-7.449271667,3.929184927,-4.513189792,6.934396087,hand_wash
-1.452739846,6.448481833,-9.820123296,3.469968423,-2.760840204,10.30876327,hand_wash
-0.0787113,2.660298444,-6.760678535,3.718686894,-8.091348915,4.780519093,hand_wash
-0.011890418,1.030885569,-6.381275463,2.844890644,-6.656678598,4.398504317,hand_wash
-0.492128135,2.290271201,-4.50339875,2.292814685,-9.093864909,3.964887369,hand_wash
0.15747253,2.857005696,-6.836483447,3.719450057,-7.351549875,6.491311326,hand_wash
-0.455811326,2.933036449,-7.257459078,5.102181004,-1.356778611,7.792324696,hand_wash
-0.134738376,2.636997961,-7.415363216,4.604193438,-6.212927559,5.968009356,hand_wash
-0.132948023,2.148210168,-8.536216233,4.997123035,-0.028630265,5.897630909,hand_wash
0.333142276,1.442477302,-5.776688319,3.154503659,-7.238625562,5.761346876,hand_wash
1.375511878,0.76797527,-9.848142403,1.778901176,0.376753175,2.335404504,hand_wash
1.625577998,0.314690779,-9.727158408,1.034481122,0.956288613,0.785621682,hand_wash
1.631885689,0.389709861,-9.84417051,0.840618794,-0.425032969,1.551544604,hand_wash
1.520884831,0.420650591,-9.261457561,0.675299177,-3.501068014,1.106863748,hand_wash
1.963370616,0.334437127,-9.44715451,0.541149687,-2.820514902,0.623738378,hand_wash
1.671059664,0.465164665,-8.542323331,1.145444357,-4.956220221,1.719148184,hand_wash
1.46747114,3.205018176,-7.589164796,1.922706501,-6.04591858,4.33084369,hand_wash
0.271705974,3.325724329,-7.672470797,3.65815425,-6.193069793,5.952816958,hand_wash
1.102619582,2.069957159,-7.915240183,4.003901799,-3.718143072,5.826861862,hand_wash
-0.030110577,3.685381021,-8.827387707,2.318688621,-4.589758661,6.590588785,hand_wash
-1.058232049,1.351605952,-3.014193192,1.855455847,-9.662596237,2.065649079,hand_wash
-1.935128364,0.849464123,-3.580886168,1.682222303,-9.61191288,2.121461737,hand_wash
-1.878679398,0.890695522,-5.350414308,2.115396239,-8.426390118,2.160086288,hand_wash
-2.094820272,1.388653682,-5.472866209,3.018994143,-8.510983715,3.098822471,hand_wash
-1.262446892,1.800632017,-7.055665814,3.878330939,-6.401232886,3.842608678,hand_wash
-1.427643698,1.536911529,-8.314235443,3.288533755,-3.421260472,4.506191909,hand_wash
-2.724713535,2.199025296,-6.996585238,4.49318183,2.259346593,6.802495156,hand_wash
-0.970212736,1.999000797,-7.415403787,5.035939137,-5.391394595,5.853054408,hand_wash
-1.806406057,1.752316555,-7.398589516,3.054578597,-2.879773983,6.510577552,hand_wash
-1.888086211,2.518370572,-7.03402266,4.56927292,0.288412742,6.881648158,hand_wash
-1.043351977,2.297462298,-7.557187828,4.519398286,-6.83348457,4.452938172,hand_wash
-1.50375456,1.784764792,-6.101849907,3.024056062,-7.878758868,3.201730933,hand_wash
-0.968614331,2.376729976,-7.797523721,4.060576856,-5.724548768,5.598582325,hand_wash
-1.254422337,1.622270865,-5.115403697,4.151974624,-8.894868002,3.526574216,hand_wash
-1.293998229,0.60065976,-4.556856631,1.659980556,-9.102757776,1.462220018,hand_wash
-0.469945516,1.276637587,-2.43693236,5.471392156,5.256273496,5.345798727,hand_wash
-2.998054619,1.108399378,2.929405298,0.485388243,8.465172799,0.520095454,hand_wash
-1.346001,0,1.1903247,0,9.354946,0,hand_wash
-0.816192081,0.724025958,0.374858781,0.927401336,9.319900022,0.728486573,hand_wash
0.833976627,0.650913026,-1.608931443,1.633075456,9.115420645,0.902216198,hand_wash
0.666463061,3.612712786,-7.541843201,5.758604252,-1.845020359,7.898506761,hand_wash
-0.725778243,3.533813236,-4.549364513,6.568449362,-8.590336329,6.06534311,hand_wash
0.34975585,2.742580459,-0.256634626,4.611871779,-10.62327512,4.122406864,hand_wash
0.092762897,4.219206519,-7.84168469,6.572093874,-5.888306821,7.137750331,hand_wash
0.024010676,2.712696258,-1.921882206,5.2085112,-10.15993897,4.496106697,hand_wash
0.993041095,2.108383183,-3.199758316,4.780004024,-8.238793853,3.336003846,hand_wash
-1.464898285,2.046268058,1.215235286,2.687119024,-10.16671554,2.049128032,hand_wash
-1.080435573,1.02762815,1.693971484,1.434826599,-9.983545,1.559324438,hand_wash
-1.784111679,1.815015492,0.912668439,2.604881931,-10.01189303,2.733901317,hand_wash
-1.822874577,1.640122334,-2.238549099,4.700558244,-8.275901761,5.098641606,hand_wash
-1.359363278,1.697714976,-3.706138572,4.848330594,-7.817782426,2.895612963,hand_wash
-1.69872096,1.734448621,0.245110078,2.914697486,-10.16967972,2.754493911,hand_wash
-0.225958978,1.83757043,-5.470804821,4.641240539,-6.721634714,4.499943521,hand_wash
-1.849753423,2.449050123,-0.207439209,2.564061394,-10.14733387,2.655502702,hand_wash
-1.367309252,1.977774976,-2.745383753,5.240511283,-7.633322285,5.378279039,hand_wash
-1.238636364,2.02972493,-5.038540463,4.451808187,-3.009801693,6.952508241,hand_wash
-1.804493082,1.398721655,0.24454098,2.555234088,-10.15132584,2.835350333,hand_wash
-0.647486183,1.972740358,-6.753209674,4.330852073,-5.659186768,3.783260492,hand_wash
-1.745672825,0.948931355,-2.209879776,3.650753003,-9.107879918,1.701891714,hand_wash
-1.031779403,1.318403577,-4.175055453,4.219010724,-8.363258489,3.602811055,hand_wash
-0.209925956,2.329801747,-7.21691736,3.576529846,0.187347895,8.65208995,hand_wash
0.609459886,2.961970249,-8.209993899,7.121461551,-0.231373398,6.230832961,hand_wash
1.658269981,2.220688049,-7.428153099,3.465187997,-0.05842137,8.519840798,hand_wash
1.823392391,0.817119263,-7.580379102,4.224807779,4.174364896,2.611668699,hand_wash
1.318910355,4.976058065,-6.173065157,15.52648915,-3.598516844,8.388131331,hand_wash
4.049203933,5.691883762,-3.094510368,4.780001457,6.083772946,4.25523128,hand_wash
-0.33968896,0.989076301,-2.677979921,5.42478415,5.005451568,5.563081484,hand_wash
-0.2552671,3.320653564,-9.890183716,3.242189759,1.18470749,8.213405465,hand_wash
0.658533602,1.417364911,-6.378420904,3.406018456,5.114757726,3.906564424,hand_wash
0.315344227,1.804697848,-8.163349215,3.854784523,-6.092929661,4.550337361,hand_wash
1.119964893,2.35210935,-8.049856137,4.135998362,-2.559664901,5.255178894,hand_wash
-0.323932424,2.308410539,-6.994823898,4.280911627,-5.897288023,6.956077197,hand_wash
-0.317115566,2.043637827,-7.013153565,4.374036682,-3.823661184,7.043206636,hand_wash
-0.098474008,2.390010906,-8.857362846,4.759220338,-1.503612614,5.529064343,hand_wash
0.236027987,1.326500576,-4.789410661,2.846618008,-9.054146108,2.885055405,hand_wash
-0.018579918,2.192052769,-7.628482846,3.890786709,-2.607694791,6.005966301,hand_wash
-0.138863704,0.623912145,-8.716389048,1.675188101,-4.240524366,2.489402887,hand_wash
0.376861212,0.636950739,-9.94566072,0.935264337,-1.930630134,1.022102744,hand_wash
-0.926599859,0.487203783,-9.512507724,1.335444183,0.20309054,1.152403793,hand_wash
-0.624618741,0.926122783,-8.732088646,1.812114847,-4.215398768,2.500281994,hand_wash
0.654267173,1.641325962,-2.733310112,3.243229299,-9.987065531,2.998001826,hand_wash
1.034419127,1.177570809,-4.914962257,3.677650038,-6.986348338,4.093173588,hand_wash
-1.003928166,2.10906552,0.153755509,1.20326014,-10.24097306,1.244126246,hand_wash
-1.50404855,1.261871819,-0.970457174,1.55199065,-10.13534324,1.432361485,hand_wash
-0.031313103,0.475209071,0.38051169,0.799966519,-10.28607534,0.459959171,hand_wash
-0.737298465,0.693990741,0.952826507,0.652668597,-10.24640335,0.708332851,hand_wash
-1.134675723,0.962397219,0.181622324,2.337548627,-10.14253203,1.637408217,hand_wash
-1.279224988,1.416415039,-1.369061933,3.502076248,-9.582413843,3.589669329,hand_wash
-1.051869155,2.256151458,-2.724712182,5.106251644,-9.39422982,3.974105596,hand_wash
-2.272305626,2.145188827,-7.315068638,4.599980477,-2.490585757,6.749515777,hand_wash
-2.655353185,1.764841129,-6.461912365,4.130227296,-4.723252945,6.160922759,hand_wash
-0.99920699,1.978989005,-2.980843743,4.894780546,-9.050706268,3.119124726,hand_wash
-1.3613789,1.384659634,0.586850925,2.512027711,-10.14290776,2.331892622,hand_wash
0.07917006,0.491315758,-1.27993021,0.927616198,-10.17282108,0.498313295,hand_wash
-1.247983024,0.877030601,-0.887769721,2.737673019,-10.19911958,0.871498014,hand_wash
-0.325136382,2.399699639,-9.50301343,8.536205222,-1.41469564,3.320120242,hand_wash
-0.565720551,3.097545773,-4.319236346,11.00190205,3.837293045,7.587618226,hand_wash
0.760084509,3.689751475,-6.561183789,6.365917005,-4.479633432,9.923447425,hand_wash
-3.877278308,1.653379886,-4.277129202,1.181411218,-9.012552393,0.809771399,hand_wash
-1.154411275,1.580429036,-6.616786862,2.048007015,-6.84685103,2.906516427,hand_wash
-1.56707116,1.828072776,-3.790069047,3.403500707,-9.206936551,3.084033324,hand_wash
-1.697291094,2.567236298,-8.793400635,2.74669186,-3.902671995,7.19932788,hand_wash
-0.907637555,1.936954163,-6.784653725,3.862600987,-8.088804223,3.26993863,hand_wash
0.050628748,1.533118766,-7.391166088,2.41412519,-4.937394502,4.551919556,hand_wash
-0.023840216,0.565076259,-9.181674005,1.306965023,-2.166979444,3.340173047,hand_wash
-0.222760531,0.466417371,-9.921581802,0.931126949,0.060171907,1.474206547,hand_wash
0.161900949,0.307431429,-9.913068764,0.687813297,0.474699983,0.776475413,hand_wash
0.507978946,0.340627027,-9.895539794,0.815555965,0.295855348,1.174716265,hand_wash
-0.054753468,0.430008233,-9.636052762,0.810846215,-1.880612022,1.967957558,hand_wash
-0.465606766,0.401111838,-7.652985544,0.891479469,-6.663592971,1.116649197,hand_wash
0.669716229,0.299333641,-9.010881574,0.518943881,-4.481828537,0.519909945,hand_wash
0.759790301,0.210439746,-8.989397579,0.441315838,-4.76016061,0.744873757,hand_wash
2.212642345,0.594534774,-8.578758396,0.714332083,-4.598200359,1.094345317,hand_wash
1.149087683,1.957065746,-6.640096822,1.704500641,-6.943884835,2.301694928,hand_wash
-2.267573671,0.463762286,-2.800216528,1.172744119,-9.629259027,1.134142823,hand_wash
-2.784221948,1.21589687,-3.287493027,1.296134501,-9.219944636,0.891565219,hand_wash
-3.093072872,0.868669004,-6.098312549,0.972331209,-7.568415851,1.468746921,hand_wash
-2.045500825,1.68327288,-5.549687095,2.026756305,-7.980833464,1.640995503,hand_wash
-2.87892019,0.869889184,-4.264925102,0.999513354,-8.735015656,1.016365887,hand_wash
-3.490812103,0.404609705,-4.289894955,0.687992523,-8.606965091,0.434227921,hand_wash
-2.726919442,0.796637518,-3.174728812,0.514218364,-9.271571159,0.690425316,hand_wash
-3.830561036,0.535034935,-3.762160702,0.842864694,-8.762831052,0.762011278,hand_wash
-2.908892109,0.685122546,-3.814960864,0.686982956,-8.985420631,0.858829619,hand_wash
-2.690685887,0.949676932,-6.23240995,1.355682992,-7.521143841,1.441589491,hand_wash
-1.136911074,4.59428807,-7.059426821,5.456151119,3.947146349,4.716431997,hand_wash
-2.978609905,2.279573022,0.822701051,2.126522396,8.911073294,1.61677057,hand_wash
0.185254756,0.212297643,3.94339967,0.179301471,8.43262425,0.436682953,hand_wash
1.793264788,14.81428325,-5.426739306,15.52017022,-0.327912074,7.557121352,hand_wash
4.682450413,15.80587963,-8.595151283,16.97317657,-7.028247206,7.048086665,hand_wash
3.993401884,12.0582915,-6.559860676,12.097991,-6.071521165,9.121441401,hand_wash
5.84310071,13.08136404,-8.472334197,13.35600164,-4.368669768,5.803623534,hand_wash
5.868995371,11.79088,-7.177529666,13.5239747,-3.680077947,4.355644621,hand_wash
3.426201487,12.45421347,-5.610156771,12.57188764,-3.682166056,4.416608529,hand_wash
5.861897605,12.66355983,-8.701579981,12.18199705,-4.535343738,5.920455111,hand_wash
-0.072307379,8.459615719,-8.406407432,10.36127321,0.334623759,5.971477903,hand_wash
5.197448931,16.53721883,-4.465025164,6.978347293,0.632566233,6.418869709,hand_wash
7.101982883,16.89318253,-4.388861188,6.360207804,1.929043069,6.408067781,hand_wash
7.33444493,15.37276775,-5.032286793,6.56663151,2.159424617,6.424420877,hand_wash
2.867771256,15.5862296,-3.835913696,6.329766031,0.731464162,6.878657829,hand_wash
9.559414987,16.38452067,-4.053814938,7.045197761,2.498701895,6.72489242,hand_wash
3.858920737,17.61647912,-4.015842953,6.804919509,1.606017843,7.86397714,hand_wash
3.465067815,16.87615944,-4.29106854,6.229137296,1.820874708,7.260614586,hand_wash
8.10593184,16.30499739,-4.321730564,6.508290181,3.118045393,7.456050056,hand_wash
2.629792592,15.50247821,-4.067598578,7.558458772,1.182064317,7.795601073,hand_wash
5.991722396,16.32442,-5.286946283,7.380173639,2.731033635,8.044640558,hand_wash
6.459130467,16.23980113,-4.47645749,5.700822616,3.273576729,7.188075529,hand_wash
5.775401764,14.44019883,-2.984992641,5.088307456,1.721561134,7.695813647,hand_wash
5.976486716,17.75750462,-5.513548398,6.152926377,3.051017755,7.89549611,hand_wash
5.555508703,16.2709223,-4.39904621,7.217807452,2.261847027,7.7277822,hand_wash
8.377230464,13.66957653,-4.126975345,5.709326451,2.540759003,7.001655317,hand_wash
5.719670538,14.82730285,-4.01415838,5.929722625,1.805269461,6.628592467,hand_wash
9.542807303,15.04759568,-5.089354794,6.694124032,2.438031129,7.020846643,hand_wash
6.443885626,14.96242833,-3.818088833,5.719817645,1.371588592,5.799302166,hand_wash
7.835104946,14.93961031,-4.259091681,7.748624208,2.344404006,7.140695319,hand_wash
6.467420356,15.40788646,-4.918282642,7.331267763,1.235561259,6.17106928,hand_wash
8.364862397,15.22273456,-5.507310737,7.237856124,2.323450011,6.660121995,hand_wash
6.552592004,13.90795887,-3.621547744,5.404734869,1.747965077,6.678484393,hand_wash
5.97206503,17.35106136,-5.141939235,6.342121412,3.328071259,7.571806739,hand_wash
4.410465457,14.37965467,-3.317250169,5.758413722,1.204731884,6.713234573,hand_wash
9.272269269,15.49524376,-5.560257799,7.36079881,3.364330381,7.558745029,hand_wash
3.167737665,15.69673131,-4.498170995,6.052475986,1.339689113,5.941921219,hand_wash
1.559714129,9.540867203,-7.210690234,15.10350113,-6.388218655,6.726141408,hand_wash
5.953082962,5.819424394,-11.15612571,9.898122969,-6.309728839,7.135486667,hand_wash
2.581988306,13.53719523,-6.801045027,10.94154439,-2.188975281,6.836799038,hand_wash
4.052590839,10.5600794,-6.739911528,10.09569376,-1.4345683,3.82962382,hand_wash
-0.913138602,6.860596641,-9.284293305,9.880656998,-3.031233992,3.058042696,hand_wash
-0.896103904,13.11121357,-6.794914823,11.89000908,-5.412243156,5.342761864,hand_wash
0.396438111,11.45262816,-9.915642806,9.685183339,-3.381792547,4.096395924,hand_wash
-9.728605687,7.399320102,-3.832890098,1.984749162,-0.946323025,3.003867362,hand_wash
-8.926664649,0.821355109,-4.265340096,1.762129523,-0.934448889,0.975974903,hand_wash
-9.063465312,0.403895539,-3.807843923,0.573919938,-0.783527082,0.791214401,hand_wash
-9.255766332,0.480321805,-3.344419502,0.999483258,-1.243738383,0.800462556,hand_wash
-9.453635181,0.222821406,-2.992048592,0.578912342,-0.362199742,0.353298903,hand_wash
-9.450391287,0.332865783,-2.792403077,0.470136259,-0.676142465,0.434866293,hand_wash
-12.90402122,12.54817452,0.364144875,7.992847487,-2.583359833,9.394113977,hand_wash
-20.23548193,12.02587462,-0.616503252,11.93830436,-3.464206727,13.20677933,hand_wash
-21.10134425,12.71237251,-2.840405918,12.53408689,-0.355124011,14.52170874,hand_wash
-18.96981375,13.39485384,-2.167690215,9.79728099,-2.786234934,13.97213888,hand_wash
-18.16051578,12.23716896,-0.35569865,11.57150986,-4.969971301,13.48705026,hand_wash
-16.89647544,14.65364803,-1.721789221,10.90198994,-4.898710021,14.87169857,hand_wash
-19.46243669,11.53819191,-4.052675496,7.663772095,-2.822917642,12.33302045,hand_wash
-19.77165944,12.4484205,-1.738010806,11.05821581,-0.092145994,15.04858346,hand_wash
-17.87494124,12.31325999,-3.122943284,9.840979706,-1.171676031,11.39183459,hand_wash
-17.56299909,11.10373627,-2.356476918,10.59424132,-2.554720428,10.99562216,hand_wash
-15.13886786,13.4475276,-0.323831895,10.4945771,-3.622479667,12.07826507,hand_wash
-15.47414694,14.45960185,-0.922094919,12.23219113,-3.50202478,11.45892048,hand_wash
-16.98691289,11.92982489,-1.704717628,12.03432494,-0.857728901,11.0200281,hand_wash
-19.02715837,12.03484261,-3.114957486,13.16970079,-0.157787412,12.80061225,hand_wash
-15.83212523,13.09362727,-2.29014291,11.00907641,-1.608709452,9.982053686,hand_wash
-15.92770683,11.8743184,-1.156066102,11.56025116,-2.243120937,10.40407087,hand_wash
-14.07560453,11.96632588,-0.682168945,10.24282612,-2.767108297,9.234532118,hand_wash
-11.53845547,15.36436926,-0.25220056,11.42835594,-3.238927152,9.630568529,hand_wash
-13.17197778,13.11008065,-2.21286224,8.19959559,-3.330620373,9.432816694,hand_wash
-13.5107249,11.2621716,-2.240121114,11.69935102,-2.056420571,7.392532601,hand_wash
-14.4970404,12.68172018,-1.848241671,13.10169253,-2.659032207,9.901018843,hand_wash
-17.05026979,13.50288186,-0.372085164,9.79213949,-2.328236329,9.466355457,hand_wash
-16.07776607,10.95721251,-1.398279749,10.94236886,-3.131700108,9.430824988,hand_wash
-16.98369457,11.71608498,-0.378749932,10.19947726,-3.868605238,9.999221797,hand_wash
-14.15077912,14.90505476,-1.023822493,10.00142409,-4.967270503,12.27853143,hand_wash
-16.93549487,11.55854494,-1.66495012,9.174697096,-1.657765222,10.70738947,hand_wash
-17.16044083,12.73618251,-1.623205548,8.075314839,-2.073733989,11.29989106,hand_wash
-16.83889052,14.53847606,-1.934142201,9.432270179,-0.904825836,11.03141773,hand_wash
-15.71868589,11.96919479,-2.427734985,9.729179668,-2.081543632,10.39263135,hand_wash
-14.80482558,13.07652703,-2.503406626,8.075776094,-3.290756854,10.27689882,hand_wash
-11.85656881,15.09320593,0.61534715,10.17770984,-4.938468547,9.899742642,hand_wash
-15.69079584,11.56055825,-2.218898291,8.985642563,-3.604292352,9.55544822,hand_wash
-13.88820137,11.80740001,-1.963109214,9.656683778,-2.63551735,9.560293167,hand_wash
-16.0550631,14.34945988,-1.768272848,12.00663583,-2.192341084,11.55058118,hand_wash
-14.11825723,12.45640213,-0.498596129,11.22905188,0.243032718,11.39324563,hand_wash
-16.21424465,11.89014373,-3.425489189,8.096976965,-2.895840553,9.989161241,hand_wash
-13.50098972,15.19860292,0.223858703,10.12662733,-5.111248974,9.693652482,hand_wash
-14.66116182,12.20670489,-1.218516074,8.191848423,-3.395139772,8.590048409,hand_wash
-12.74706375,11.99371045,-1.021243669,7.96722099,-1.774245138,8.403524981,hand_wash
-15.39940213,13.54022606,-1.519856486,10.79785613,-2.33738621,9.814384468,hand_wash
-15.30639686,10.61742726,0.255822632,8.29887375,-2.11537014,7.849815563,hand_wash
-12.95999944,10.8658704,-2.379214875,9.135571063,-2.220058401,8.069004048,hand_wash
-10.75547717,9.452346596,-0.163997115,8.081786638,-3.002292822,9.431334338,hand_wash
-10.1221468,2.136382644,-2.035167838,2.300695173,-1.605970581,3.423073535,hand_wash
-4.985327082,3.547496667,-1.978262648,4.092356933,5.452872501,3.826754654,hand_wash
-7.975303925,3.744084044,-1.664513875,2.686769473,3.44303807,3.178960764,hand_wash
-9.717639191,0.225517623,0.972507073,0.509125307,-0.8072742,0.324019998,hand_wash
-9.785931228,0.119658315,0.628704483,0.147163039,-0.747234238,0.108682503,hand_wash
-9.697279965,0.573117575,0.303633942,0.907799504,-1.240323701,0.794057992,hand_wash
-9.503413832,0.291134631,-0.892630891,1.406247488,-2.779384603,0.536036237,hand_wash
-9.40822953,0.14544127,0.238292588,0.302714151,-3.243069869,0.268940502,hand_wash
-9.364279799,0.078728104,0.152905561,0.11994775,-3.265292146,0.158903371,hand_wash
-9.424781277,0.143874631,0.069977253,0.367304588,-3.164698173,0.503616113,hand_wash
-9.82450054,0.595891224,-1.215590976,0.875919619,-0.413117159,1.451000687,hand_wash
-9.733513464,0.780770232,-1.038288396,0.813305825,1.349439362,1.910100662,hand_wash
-9.580817761,0.939423424,-1.750747539,0.596178261,1.879010228,0.885459939,hand_wash
-8.483651513,2.749326739,-5.722566561,5.393025864,-1.82069385,4.082978818,hand_wash
5.283195345,2.102764116,-6.980030451,1.733810569,4.126896864,1.124278166,hand_wash
6.310117692,3.230350124,-7.034373924,2.05678688,4.025861837,3.368945069,hand_wash
3.766543897,5.478038714,0.907148854,7.08546129,3.118867235,2.970651179,hand_wash
2.231553552,2.936713501,8.560724661,4.251360823,0.975081239,4.050128333,hand_wash
-1.572721591,2.757671468,7.790168625,2.494724253,-1.306115577,5.342446775,hand_wash
0.849603544,3.881102383,8.969193988,3.497981161,0.302969991,4.151783624,hand_wash
-0.137983651,0.940252223,9.439182885,0.843700678,-0.743900101,2.406398966,hand_wash
1.69717961,1.119827816,8.507429522,2.012126497,3.396825359,2.1820238,hand_wash
2.656218946,0.943677493,8.692189866,0.904699402,2.071241346,1.294161481,hand_wash
1.755513747,0.59861889,8.857635904,0.955031311,0.940246705,3.727836115,hand_wash
-0.222713332,0.512277094,8.388332842,1.546789718,-3.757456908,3.43953036,hand_wash
-1.373144525,3.965447641,-2.552891253,9.843576078,-0.963476441,2.71864089,hand_wash
-9.02729827,0.668647368,-4.805970645,1.263101968,-0.247274029,0.690295876,hand_wash
-9.071429765,0.764995761,-4.06104887,0.516451732,0.408130884,1.190533091,hand_wash
-9.3062159,1.94032209,-3.354331554,1.305063674,-0.272095552,1.817622417,hand_wash
-9.610583815,1.373562921,-2.452487643,3.434390053,0.860453976,2.53791604,hand_wash
-9.403774172,0.327964128,-2.819513254,1.031789094,0.639434994,0.455728175,hand_wash
-9.284210158,0.144793581,-3.295546878,0.300285623,0.509546334,0.299599123,hand_wash
-9.328458748,0.100184062,-3.127966642,0.221436145,0.435324443,0.129504645,hand_wash
-10.0612399,1.069689888,-2.428371965,1.160465776,1.554770806,1.766843192,hand_wash
-2.122515605,4.253393119,-4.875156201,1.200271078,5.933249998,1.046748459,hand_wash
2.107138172,0.144811402,-7.207634798,0.317301337,5.855822732,0.233593472,hand_wash
1.585331854,1.86260955,-8.809737131,3.318960377,1.639146479,4.151766953,hand_wash
2.759240315,5.750743007,-3.001623424,2.127048108,3.310462378,9.805930348,hand_wash
-5.13003099,5.536979291,-3.561318442,4.48334652,1.158773471,3.450502195,hand_wash
-13.47557736,3.821579696,1.43676273,2.383350728,-1.767014582,3.579598664,hand_wash
-0.900622189,2.554701275,-4.035003235,2.437401977,7.29420985,2.61549528,hand_wash
3.318524111,6.540689865,-4.881399051,4.992106965,-3.715299025,7.478327294,hand_wash
-1.869496039,1.269013951,-5.693511291,1.87967051,7.696602956,3.875081298,hand_wash
-13.42162903,4.916597228,1.317708287,3.920397973,-2.341808967,2.51393184,hand_wash
-5.786085439,5.812795003,-1.768980189,3.228588737,2.625246649,3.50613931,hand_wash
-0.352168714,5.302307086,-8.247917849,4.137775953,0.728627978,5.740611166,hand_wash
1.629443236,5.092464742,-3.556390598,2.642181143,5.174190737,7.464757049,hand_wash
-7.513567363,7.39900311,-2.008223879,4.885234245,0.373146481,4.650986773,hand_wash
-11.74402564,4.624679833,3.134962013,2.783896235,-1.271447097,4.366784909,hand_wash
-0.860728474,0.852529258,-8.551649416,2.532426352,4.242202797,1.76653338,hand_wash
4.233426877,6.301089088,-4.516970557,3.584017467,-1.923261208,6.986782307,hand_wash
-1.263787784,1.697610635,-4.210527329,1.741498188,7.03483633,3.667417815,hand_wash
-15.28964585,2.568501052,3.143475363,2.360499827,-3.078602088,2.539076421,hand_wash
-3.634087795,3.477614381,-3.883793004,4.187124468,3.647944675,2.964722456,hand_wash
1.363516092,7.336231237,-6.712973621,4.086089674,-2.84980715,7.260629187,hand_wash
-2.23294855,1.546233831,-4.631788119,2.092977298,8.067563387,3.888609487,hand_wash
-14.21559005,3.405928046,2.138534713,2.696408191,-2.542107591,1.606427342,hand_wash
-5.423485078,4.622054687,-2.200717457,4.514887841,3.344950248,2.455960725,hand_wash
1.703760097,6.617658815,-7.944785942,3.746434798,-3.406841216,6.154318802,hand_wash
-2.289299972,1.718101783,-3.981695781,2.686539562,8.387309984,4.148184855,hand_wash
-10.8264902,5.302081908,-0.568022859,4.150375115,-2.103682515,2.443867909,hand_wash
-7.92324113,5.968356311,-0.63739218,3.693260123,1.397658256,3.430672959,hand_wash
-0.300335444,4.866758013,-8.593317467,3.34032891,0.383102292,5.015222554,hand_wash
2.510899741,5.863716971,-5.06805486,3.736566954,3.045872131,6.582572954,hand_wash
-5.374326052,4.310629951,-5.182663416,3.169430164,1.046892366,2.636952126,hand_wash
-13.05878467,3.566103537,2.120600099,2.319724384,-2.662313177,2.510225208,hand_wash
-2.37641119,2.307836649,-6.11972105,2.870002866,5.583013621,1.898011668,hand_wash
4.276962828,5.348278094,-3.562099958,4.937674745,0.442713054,6.230590282,hand_wash
-1.301155463,0.713494671,-6.98077322,2.113932076,6.158169495,2.703118641,hand_wash
-11.92614494,5.017518835,0.315949029,4.416513659,-2.212102921,2.693295097,hand_wash
-7.202630213,6.026654669,-0.228027875,3.967047758,1.011651373,5.278689583,hand_wash
1.447468323,6.520654461,-7.127183086,3.449883345,0.615915014,7.365844001,hand_wash
-0.557758504,3.653412187,-4.308334658,2.928310153,6.668064322,6.295195584,hand_wash
-7.329050107,5.927755503,-3.358458473,4.331771879,-1.576430889,3.208670832,hand_wash
-11.49299916,5.811326186,2.190067514,3.399483244,-1.378096597,3.539239806,hand_wash
-1.77011696,0.47855617,-7.429350586,2.408591908,5.592296534,1.970355086,hand_wash
3.44090992,6.31088855,-4.725031369,5.857386097,-1.772008971,5.368652581,hand_wash
3.378400303,0.997682102,-1.926413804,1.41200653,9.225520362,2.10637276,hand_wash
-2.235872927,1.694955042,-8.074038506,1.785829455,2.537413202,3.228622533,hand_wash
-14.11291872,4.146183829,2.030637893,2.58616194,-3.454960836,2.946652986,hand_wash
-4.479148919,4.625101604,-2.596793995,3.770391989,3.269948604,3.229672437,hand_wash
-0.491871024,3.885718335,-9.191693919,3.017452056,0.965486107,4.068478024,hand_wash
5.894301937,4.501696333,-1.632621268,1.455967276,3.103920854,5.905062066,hand_wash
-4.424541968,1.54383596,-3.996065661,1.02156022,6.440842918,3.510126517,hand_wash
-14.2620361,2.770272399,1.328026589,2.380525539,-1.14304655,3.046787826,hand_wash
-8.65829196,2.405220013,-1.008232084,4.06580001,3.354367136,4.627953041,hand_wash
-9.668755619,1.732721779,-1.954607544,2.955927472,2.007581926,1.921462044,hand_wash
-9.688053568,1.704784719,-2.665950237,2.507764193,-1.623576683,2.353461095,hand_wash
-8.903070164,4.126957517,2.214136243,6.047616154,1.587139128,5.039367787,hand_wash
-10.06666215,1.902185805,-2.49441285,1.749911579,-0.295784909,1.70235002,hand_wash
-9.522882203,1.207330094,-2.397485689,2.16839298,-2.159631804,1.787611989,hand_wash
-9.28888165,1.538376792,-3.399042541,1.441334344,-1.540210973,1.150964407,hand_wash
-10.12664743,0.997737816,-1.30768066,1.015733882,-0.715711674,1.478486823,hand_wash
-9.67278436,1.487313141,0.005205006,2.433079643,-1.796110514,1.734256235,hand_wash
-9.050482366,0.506267271,2.207140914,0.535472591,-3.357189006,0.48387265,hand_wash
-9.043558178,0.227390073,1.714430863,0.964261668,-3.369982185,0.369284053,hand_wash
-9.379213456,0.744108402,-2.565112878,1.584790813,-1.622367448,1.897024515,hand_wash
-5.371898642,7.074730009,-5.572507537,4.019436468,1.110846515,0.635659226,hand_wash
1.7940949,3.28005159,7.371111257,2.476100403,1.561540873,2.354673818,hand_wash
-3.00734619,1.646002727,6.676304818,3.117657032,5.251420778,2.939601116,hand_wash
3.978743976,1.379115127,3.848345813,2.800182967,7.064667367,2.40439498,hand_wash
2.424281452,4.007710132,4.419498697,5.788722132,3.029913146,6.841975713,hand_wash
7.807002764,3.705048853,1.052012331,5.076034075,0.717869675,2.934046208,hand_wash
8.700916276,0.662037793,3.781878126,1.109164648,-1.843678916,0.741594989,hand_wash
9.104514113,0.434446777,3.054377794,0.344817032,-1.898663476,0.695515276,hand_wash
9.415248599,0.15701748,2.494578827,0.318091859,-0.733148677,0.40965939,hand_wash
6.489246109,3.414758963,1.21996604,1.922704616,1.010271404,2.98456951,hand_wash
-8.905174228,3.185612383,-2.916465675,1.508570665,5.114286866,3.105692417,hand_wash
-9.935501421,0.561841623,-1.30969628,0.290878403,-2.003315273,0.437185554,hand_wash
-9.753282647,0.410995205,-1.318775244,0.357672444,-0.088979677,0.673607643,hand_wash
-9.911361547,1.049677027,-0.713502407,0.80027125,-1.681054723,0.688987551,hand_wash
-9.023176787,0.298876329,-3.294954045,0.524863534,0.231842633,0.743098164,hand_wash
-9.139489361,0.460582059,-3.293045138,0.59702295,0.927406101,0.514243582,hand_wash
-9.464800196,0.4245661,-3.033679665,0.977510242,-0.209071116,0.592258145,hand_wash
-6.355828176,5.140687555,-5.142531868,4.236627712,5.603431495,5.00969347,hand_wash
7.190975718,1.953454088,3.657640944,1.123576621,-3.158255897,1.18132934,hand_wash
8.990654347,0.373088801,2.687045933,0.662948286,-2.82183098,0.847876546,hand_wash
9.016477799,0.402504822,2.532745007,0.383856393,-2.115169804,0.949303294,hand_wash
0.625799645,6.11267128,1.598047139,1.192440142,5.578937142,2.814398634,hand_wash
-10.14198465,0.468931738,0.205597463,0.792244222,3.536919933,2.885418046,hand_wash
-9.753823743,0.422966043,-1.650500434,0.508998652,-1.308783318,0.662701721,hand_wash
-9.596155554,0.160370837,-1.846228076,0.192463192,-1.514672001,0.234125405,hand_wash
-9.640434995,0.151389789,-1.565720537,0.208977759,-1.447366655,0.201758308,hand_wash
-9.678013099,0.177206325,-1.384819266,0.20126704,-1.37036614,0.204643968,hand_wash
-9.702627243,0.133939624,-1.365018855,0.192400608,-1.428795145,0.227414514,hand_wash
-9.726150579,0.141010598,-1.258404914,0.135747373,-1.174994212,0.146893612,hand_wash
-9.653231853,0.12341448,-1.494034313,0.240850042,-1.263854157,0.200630558,hand_wash
-9.646771124,0.130996643,-1.599126084,0.186031353,-1.365113706,0.148749413,hand_wash
-9.675582436,0.262249527,-1.690931206,0.64063161,-1.217974142,0.458655843,hand_wash
-9.650814183,0.135756013,-1.627973028,0.229664682,-1.286445603,0.194669483,hand_wash
-9.666862309,0.187745794,-1.654301031,0.241049835,-1.126363595,0.436968512,hand_wash
-9.708413282,0.157374336,-1.729370093,0.210192474,-0.068803457,0.259418401,hand_wash
-9.694600347,0.35700504,-1.754055389,0.149664999,0.15783416,0.331343572,hand_wash
-9.740931907,0.318870258,-1.319115706,0.649634076,-0.004848741,0.567967445,hand_wash
-9.823457183,0.216064308,-1.21685963,0.516439018,-0.419875379,0.564425947,hand_wash
-10.10730259,0.669085073,-1.690362104,1.176472292,-2.481501087,1.946425073,hand_wash
-9.092940681,1.204929844,-1.390735673,1.855947884,-2.097112291,2.404293992,hand_wash
-9.403445401,1.591308383,-2.78342361,1.880577235,0.357245337,2.146813651,hand_wash
-9.542741916,0.49890047,-2.234102669,0.389961292,-1.63279864,0.436513011,hand_wash
-9.43145651,0.089776484,-2.423166935,0.124423469,-1.877315904,0.168244883,hand_wash
-9.396254436,0.214469507,-2.794193423,0.533696251,-0.743214875,0.786353116,hand_wash
-9.414857029,0.386104708,-2.702814764,0.824043015,-0.712753121,0.820796972,hand_wash
-9.638471535,0.123280752,-1.351431263,0.182958298,-1.601046848,0.10684351,hand_wash
-10.10795467,0.813249538,-1.776286382,1.947569475,-0.175939085,1.918517871,hand_wash
1.667336732,4.81750459,1.283706734,6.303958796,3.955137628,3.715266548,hand_wash
-1.358284342,1.427213328,8.377707135,1.615927151,0.315288922,4.590114342,hand_wash
0.854094483,3.434167794,5.519122937,3.773600226,5.840325558,2.231246623,hand_wash
2.234080145,1.343161017,-0.68685316,7.514535656,3.595264319,4.349036622,hand_wash
-9.376186298,3.668551839,-4.987186988,3.795497834,0.708522417,1.675536441,hand_wash
-9.774192092,1.141074674,-3.226502244,1.058707994,-1.297724883,2.417160142,hand_wash
-9.334837613,0.777620988,-4.178573977,0.758658083,-0.454887712,1.591878341,hand_wash
-8.379343411,1.460318269,-5.332949675,1.788894636,0.578029663,1.844196641,hand_wash
-6.904753977,1.329919414,-5.442656949,1.927111055,2.868559806,2.70768509,hand_wash
-7.620625539,1.915081857,-6.763922257,2.249279904,-1.662784651,2.686614733,hand_wash
-6.493746183,3.734569329,-6.361309119,2.764214507,0.072885923,3.853699943,hand_wash
-8.54902213,0.333460536,-3.039042635,0.356457031,3.580815047,0.432534882,hand_wash
-8.460477625,0.341707166,-2.991604669,0.572491001,3.783834449,0.353628892,hand_wash
-8.008276101,0.197029166,-3.910702928,0.310628125,3.831749488,0.238097115,hand_wash
-8.238831638,0.585668229,-2.653408938,0.953222015,4.337902045,0.607858953,hand_wash
-8.424244069,0.367393887,-3.156872873,0.560595703,3.773246578,0.471375675,hand_wash
-8.142687049,0.574914607,-4.532942013,0.396919903,3.033553074,0.530924771,hand_wash
-7.697889194,0.417399424,-4.988552987,0.633311078,3.23318151,0.47168098,hand_wash
-7.516944881,0.645559227,-5.232800723,0.490683435,3.399659792,0.588658501,hand_wash
-11.23579632,3.070169756,-2.05832615,2.782058627,0.420570558,3.819108302,hand_wash
-13.62006074,4.867969208,-1.839436096,3.175782375,-2.84690841,2.916763334,hand_wash
-13.28228953,5.532809778,-1.566354983,2.857761253,-2.348328866,3.043231155,hand_wash
-11.42231985,6.555903394,-3.856973294,3.854027226,-2.404756842,2.433241212,hand_wash
-10.88021811,3.733946126,2.022854839,2.35943788,-3.364101332,3.015295618,hand_wash
-9.087878206,0.926091502,1.892229791,0.888835313,-3.518389349,1.692086804,hand_wash
-9.424532316,0.821118278,2.008899703,1.973755284,-1.30474025,1.220196038,hand_wash
-9.401127421,0.360575753,0.57896633,0.407431319,-3.458763899,0.294379687,hand_wash
-9.252505866,0.194131678,1.073407444,0.163126748,-3.383617195,0.177819236,hand_wash
-9.618598034,0.716594225,0.42623129,1.041441823,-3.088823829,0.625826819,hand_wash
-9.941903941,0.977256547,-0.091544288,0.661609947,-1.475758862,1.063762424,hand_wash
-9.836250347,0.264738181,-0.494192124,0.25819771,0.179543467,0.855612526,hand_wash
-9.870088955,0.188400544,-0.623677315,0.333129684,-1.347340777,0.141471706,hand_wash
-9.688077088,0.114441982,-0.546076193,0.105469542,-1.366534739,0.099212144,hand_wash
-9.752389124,0.235728941,0.007789742,0.294421535,-2.556766345,0.333584635,hand_wash
-9.790413069,0.185046461,-0.635190005,0.24584081,-1.47112296,0.795462008,hand_wash
-6.034097584,3.61538228,-1.980313608,2.788239964,4.940759291,3.158155288,hand_wash
1.470071065,0.839639013,-8.810536842,1.098517394,4.240314796,1.340748432,hand_wash
2.674406864,0.200118215,-8.472393442,0.429968184,3.750244889,0.710046096,hand_wash
2.724500709,0.086022562,-8.309698084,0.157177812,4.08921132,0.13774019,hand_wash
2.642340509,0.222558372,-8.452505274,0.408343609,3.829284029,0.156849611,hand_wash
2.566488705,0.223776406,-8.683107738,0.159382255,3.533412635,0.133351608,hand_wash
0.429989003,1.79131702,-8.337252737,1.118695909,3.659791405,1.374173766,hand_wash
-8.572064838,1.380444007,-3.344039746,3.015941166,2.993976092,0.569414639,hand_wash
-9.079424178,0.237376357,-0.902139835,0.40421376,3.223364311,0.258823237,hand_wash
-9.597246401,0.366203164,-1.486429743,0.151690497,1.45740496,0.723790726,hand_wash
-9.59748899,0.259822722,-1.634366025,0.138312316,1.235653973,0.54028886,hand_wash
-9.348033955,0.174720949,-1.475853713,0.235328776,2.146755606,0.15081218,hand_wash
-9.596155574,0.282189537,-1.949000492,0.224274463,1.702692892,0.275720064,hand_wash
-9.531098847,0.214258614,0.505088279,0.498849902,1.781692981,0.388921057,hand_wash
-9.415408814,0.366032202,-0.875590945,2.73370254,1.433841834,1.285216484,hand_wash
-9.104927083,6.108472417,-5.981222893,2.732606568,-2.025952239,1.91653905,hand_wash
-12.18999198,4.522975433,-2.207210092,2.569129796,-2.08698949,3.194056736,hand_wash
-15.56704602,7.075193566,-2.347925386,2.942755848,-1.575484147,2.324479146,hand_wash
-12.68531981,8.378276884,-2.469462689,5.377198412,-3.172573742,4.288416174,hand_wash
-15.87740261,8.592329541,-1.513106944,1.644869676,-3.406334288,3.504723636,hand_wash
-10.4773449,4.437386469,-3.914256316,2.295376776,-0.171884131,3.197985516,hand_wash
-14.63945117,5.448294439,-3.084879084,3.391837313,-3.398591408,2.557932313,hand_wash
-11.67056258,5.697798799,-2.287113211,3.193291329,-2.759619746,2.760037387,hand_wash
-12.44314613,4.576543897,-0.913035976,2.030723883,-1.604722356,1.624033551,hand_wash
-13.22880731,5.394579573,-0.781760451,1.517838496,-0.89235819,2.427288245,hand_wash
-12.00630337,5.575522524,-2.463794162,3.29682086,-2.003386875,2.043991978,hand_wash
-13.09066695,4.600070135,-2.256487795,2.374168319,-2.52982831,1.580467646,hand_wash
-14.1512456,6.047206825,-2.929559415,2.550766038,-2.076636063,3.037237941,hand_wash
-11.83591377,5.267278223,-2.210520029,2.101114894,-1.814725275,2.32389991,hand_wash
-12.55687609,6.973924647,-2.930177262,2.741708391,-2.036095335,1.892550139,hand_wash
-11.83049542,5.423337751,-2.328172386,2.409272579,-2.896278143,2.455937124,hand_wash
-11.74554336,3.58452243,0.138579142,2.456861643,-2.335938424,2.694536773,hand_wash
-10.3796827,1.713212423,-1.080035245,1.485600793,-0.563054871,2.004956976,hand_wash
-8.754888255,3.161020877,-2.930905159,3.172355971,-1.182435233,2.620383268,hand_wash
-9.836558598,5.206326858,-2.825115231,3.434494148,2.265344645,2.318443805,hand_wash
-7.377678683,4.220296334,-4.961805994,1.822337575,4.547756674,1.341479266,hand_wash
-9.104844576,4.160124413,-2.96882828,2.276410558,3.223091622,2.33377273,hand_wash
-7.020015681,4.87127358,-5.416146965,3.321859547,5.332676984,2.988762795,hand_wash
2.992463481,5.206058633,-7.617170595,3.886646887,-2.845535281,4.042677551,hand_wash
7.138526803,2.596357928,-2.130565414,5.243514609,2.883566871,3.812621233,hand_wash
6.102981526,5.791324263,1.45821612,5.429665827,3.201149219,5.186057522,hand_wash
6.179980362,7.385322794,3.086219786,9.622991152,-0.111166842,4.875716028,hand_wash
4.268233021,11.34729337,2.537120031,9.088443952,2.01507692,6.600915046,hand_wash
2.303092339,12.58687703,4.705064775,8.601016069,0.364311851,8.62692053,hand_wash
-2.560361429,6.092804768,-4.30796807,6.677023362,6.052776395,6.614368778,hand_wash
-7.389951291,6.430205613,-3.089041654,4.196354267,5.370736421,5.472655988,hand_wash
-1.958461993,7.981843369,-8.347437473,5.587163734,3.789122463,4.916765447,hand_wash
-2.308021038,8.0779359,-8.72030312,5.210500833,4.395280596,3.767459739,hand_wash
-9.180678416,5.198533324,-3.311090316,7.484392464,-1.418166066,5.499805079,hand_wash
-7.591441283,2.492905095,-4.16403788,1.611534701,3.557137537,3.760934277,hand_wash
-1.261696285,0.315483768,-1.13488002,1.01262732,6.78688651,1.155856522,hand_wash
-2.583246292,1.031205399,-6.910695782,2.532540158,-6.548007559,3.652230198,hand_wash
-3.358955609,1.389855793,-4.707731012,1.060210866,-8.238997603,1.103615098,hand_wash
-2.99294445,1.7450157,-4.190608368,2.883087542,-9.139939952,2.073224056,hand_wash
-2.358287469,3.763462957,-9.451099995,2.551318825,-2.520972357,7.032288256,hand_wash
-1.534537951,4.315605041,-9.763194116,1.579944072,-0.830724082,6.550686579,hand_wash
-1.161022372,1.755334742,-6.865005757,3.559677714,-8.013698659,2.413129024,hand_wash
-0.042251529,1.515785528,-8.86635026,2.423760926,-0.304772297,3.516938401,hand_wash
-1.362938936,2.59261782,-9.359291892,1.555743041,-3.1792156,4.183976837,hand_wash
-1.956718747,1.401538806,-8.494278957,1.876764067,-4.110440043,3.651133805,hand_wash
-3.817910118,0.819432651,-6.547283891,0.943945104,-6.953512359,0.886894688,hand_wash
-3.344099371,1.506534652,-8.524728177,1.350459248,-3.518651256,1.823904926,hand_wash
-2.743720127,0.919724687,-7.445416183,1.194011846,-6.076046023,1.424125324,hand_wash
-3.902008517,0.490035535,-6.64212428,0.975511099,-6.494700134,1.230297152,hand_wash
-3.760309812,1.293480617,-7.654517604,1.109299032,-5.256973954,1.819077254,hand_wash
-2.15600371,0.254445342,-7.939051094,0.239769467,-5.871769768,0.584194626,hand_wash
-2.540760021,1.571947561,-6.690736052,0.79893944,-7.013411546,0.934309466,hand_wash
-5.289139797,0.42797375,-7.064062673,0.368004841,-4.852902386,0.320511673,hand_wash
-2.798272074,2.654740881,-8.20743557,1.765908483,-5.119377959,2.13462524,hand_wash
0.89039547,0.427291745,-6.541878441,1.672988816,5.433442228,4.029347349,hand_wash
1.634897233,3.327992971,-3.623534168,9.445320954,5.575925599,5.358695353,hand_wash
-1.531626842,3.895791311,-5.663616556,14.78271121,2.212855781,6.209987317,hand_wash
-2.087884894,0.852981374,-10.68669687,1.385300419,1.350298711,1.875921451,hand_wash
-2.77988258,1.79143302,-8.412351957,1.468040692,-1.216373508,4.331111761,hand_wash
0.871787105,0.997311667,-5.675536404,1.18205247,-8.683399885,1.310498443,hand_wash
2.010064279,2.73060681,-7.054240133,2.843363203,-6.596816597,6.003114438,hand_wash
1.819694711,2.858813939,-7.457921471,3.693537998,2.930923254,6.195750372,hand_wash
-0.16844971,2.996868689,-8.933979242,2.429974324,-4.130307941,4.194457723,hand_wash
-1.822365443,4.439255156,-8.456166342,1.769311986,3.067409056,2.294983089,hand_wash
0.181771995,3.011262143,-6.964941256,3.505466223,-7.867227513,2.903985934,hand_wash
3.05060278,1.612515962,-5.93413514,1.973904506,-7.767226231,3.051068888,hand_wash
2.322249661,4.716937253,-8.091113766,5.492838702,-2.731495612,6.098445522,hand_wash
1.945036893,1.571119167,-4.574316211,2.731942003,7.447410946,1.783760394,hand_wash
2.596347804,2.121117122,-5.314646111,3.493595956,4.961001913,5.859833968,hand_wash
2.383192582,2.646787903,-5.558605757,2.478924119,-8.361766294,4.040028751,hand_wash
2.868277832,1.67455055,-5.989109242,2.567033735,-8.02831109,3.762470177,hand_wash
2.665846441,1.240718129,-4.763729408,1.801461515,-8.770632683,2.58522198,hand_wash
3.511234445,2.276813231,-5.463903762,2.342286293,-7.899823769,4.183851627,hand_wash
3.803182169,2.20719254,-7.344533026,3.171721516,-2.578419966,5.199773194,hand_wash
2.838489422,1.018211826,-4.979127036,1.53636666,7.561728792,1.345019421,hand_wash
2.520049328,1.57665097,-6.156874238,2.731751567,0.433791845,7.279031994,hand_wash
-0.413615127,1.664160915,-5.038350427,1.500684619,-9.326146712,1.730993023,hand_wash
1.245372742,3.818280512,-7.064783686,3.175519461,-7.174967115,6.868611688,hand_wash
2.903166928,1.087746568,-6.836204423,2.830339731,-7.245691715,3.877768864,hand_wash
2.382398717,1.990221977,-4.15441965,2.77552303,7.295910488,3.015017636,hand_wash
3.059822653,1.591231358,-5.910821762,2.930847229,3.106846461,6.309136803,hand_wash
3.450594157,2.62242027,-6.018466391,2.326955149,-4.023028019,6.784661887,hand_wash
5.208562686,1.231903541,-7.327199395,1.52829924,0.05965773,3.970164028,hand_wash
3.27613772,0.697162726,-8.244985142,1.491361062,0.766714519,4.405166916,hand_wash
4.122952781,1.467622144,-4.610938015,4.204716107,1.97125995,7.306799951,hand_wash
4.622033321,0.504316959,-5.996640138,2.913456678,3.935322567,3.472784407,hand_wash
4.975356657,0.305105093,-8.424006891,0.432993672,-2.05032642,0.776757141,hand_wash
4.997374239,0.532774077,-7.663457794,1.611011766,0.861803932,3.94989689,hand_wash
1.416997897,0.816442577,-2.402738112,3.942308994,8.181943992,1.244167425,hand_wash
1.561752322,0.127399893,3.915657311,0.114652501,8.390086028,0.165267531,hand_wash
2.52202888,1.949105915,-2.556646711,5.653920106,5.918508736,3.122396007,hand_wash
3.033374393,0.844852284,-9.458883123,0.887530835,0.81860359,1.040972717,hand_wash
4.973356848,1.968420689,-7.145577815,2.860548756,2.621385903,6.8277393,hand_wash
2.801738465,1.90622927,1.702635802,5.486020774,7.801764415,2.51959193,hand_wash
1.885900031,1.718291882,4.071805905,2.818593808,7.836835892,2.128915541,hand_wash
4.747042159,1.90981255,-6.966922772,4.955387738,-0.412422353,5.854478413,hand_wash
5.22865425,2.181095879,-7.870312401,3.223935633,1.823541251,4.508617964,hand_wash
4.227754876,2.048338679,1.210338539,2.157633328,8.163637445,1.307676858,hand_wash
0.64296126,0.076913162,5.018499554,0.082196812,7.933725405,0.100690902,no_hand_wash
0.624080436,0.085145284,4.98422539,0.081612702,7.9481924,0.097695186,no_hand_wash
0.626001194,0.106849739,5.007630142,0.068916146,7.929814795,0.104857245,no_hand_wash
0.549269554,0.382316464,5.040013349,0.222713642,7.956243116,0.974593467,no_hand_wash
-1.453178125,0.066469857,4.217330075,0.099666491,8.276289,0.097880531,hand_wash
-1.516248935,0.236335647,4.359362393,0.194077618,8.52560554,0.602037204,hand_wash
-0.244457985,1.474926232,4.315825161,1.540532769,7.881819597,1.048655327,hand_wash
2.808183861,3.210463836,-0.504597731,3.501261748,7.397370008,1.633340822,hand_wash
3.85137468,1.48531086,-4.857172908,2.820738124,6.900051205,2.590804677,hand_wash
5.514846966,1.707408248,-7.79604258,1.477230017,1.276073664,6.927205393,hand_wash
3.977846364,3.66454693,-2.89950104,7.949547152,4.064238178,4.508497669,hand_wash
6.015672203,2.013804169,-5.511568924,3.500657406,2.720597016,5.642564679,hand_wash
5.170992319,2.573277035,-4.163160867,6.884444019,-0.080475051,5.482569217,hand_wash
3.323504596,2.376402866,2.915521328,4.609661928,7.10927165,2.320508634,hand_wash
4.902467775,1.788305961,-2.266324666,6.538878965,5.267907851,2.791859064,hand_wash
3.52429496,1.239320983,-8.525996848,1.457851918,2.14836809,2.00996136,hand_wash
-3.84759886,0.194092571,0.999681146,0.503722202,8.7830156,0.680448245,hand_wash
-5.774219237,0.893403378,-5.446150971,3.483324163,4.770249287,2.346790347,hand_wash
-4.857181798,1.62532056,-8.450826374,1.1974216,-2.471425347,1.420836388,hand_wash
-0.818510665,2.315034838,-7.554528543,6.431211034,0.715715904,5.872252181,hand_wash
-0.910857378,1.499143261,-7.428395002,3.760604147,3.527694452,5.652332988,hand_wash
-5.43120781,2.340323291,-7.863179004,2.027227714,0.353546429,2.002782728,hand_wash
-3.880776937,2.434392269,-8.884536289,1.884871655,-1.633825942,3.540453076,hand_wash
-4.469501496,2.052734825,-3.916548274,5.03378946,7.603125351,2.744579113,hand_wash
-3.940393677,1.701532261,-3.460681022,5.306021413,3.518882485,5.806696934,hand_wash
-2.914592143,1.241270589,-5.964282893,3.898732037,3.930972413,4.774519812,hand_wash
3.33320187,1.72520464,-3.972317254,3.848731578,6.09275227,1.563003831,hand_wash
4.310454563,0.469747135,-8.190954738,0.495689687,3.22206331,0.495690395,hand_wash
4.669138,1.536297992,-8.436053154,1.131606427,0.871632983,3.882850653,hand_wash
3.428067333,2.153009985,0.526015024,5.312115365,7.497169938,3.032253945,hand_wash
4.665486303,1.28102765,-2.624624426,1.963410158,7.390149739,1.322340611,hand_wash
4.516697803,1.594961763,-6.783442144,3.349257419,3.285773634,4.385237774,hand_wash
4.135997166,2.918325969,-5.082587134,5.477313611,5.200725611,5.612755919,hand_wash
2.204298487,1.388637625,3.249090548,2.13260703,8.397255425,1.445441896,hand_wash
4.578548953,1.481411738,-6.398381095,3.7071027,3.738045272,3.779640589,hand_wash
4.786571272,2.35757618,-8.244455565,2.133764095,0.269689197,4.167392173,hand_wash
2.508576462,0.685344627,1.146429763,1.750471709,8.498479066,0.599474564,hand_wash
5.340917053,0.549169403,-4.385597773,1.198303814,6.445173627,0.734586419,hand_wash
5.125416659,2.031903633,-7.055914605,1.915468202,2.377742971,3.804810428,hand_wash
5.147066332,1.581534338,-7.376756882,2.135669302,2.911690521,4.984613379,hand_wash
2.746696138,1.085499452,2.437975744,2.767971478,8.418481826,1.358661057,hand_wash
4.039163787,1.096573771,-7.098691263,4.003715342,0.594930175,3.206018644,hand_wash
5.24810429,1.726899758,-7.044783949,2.89177923,4.136186856,4.827247983,hand_wash
2.713142152,1.228380333,3.141530514,2.488426319,8.333328179,1.580806917,hand_wash
4.133768486,1.349679043,-4.020603825,3.709631168,6.470098281,1.38610104,hand_wash
4.96198362,1.358650569,-7.229595797,1.737533269,2.345208229,3.439849107,hand_wash
-3.77514955,0.087217025,-1.92918825,0.027096544,8.0556485,0.02201577,hand_wash
-4.402118455,0.490436298,-2.564836088,0.843594943,8.114350377,0.538921336,hand_wash
-4.686924051,0.15369307,-2.006051919,0.226449145,8.051398152,0.098674001,hand_wash
-4.228768726,1.236917192,-4.2901536,3.938076035,3.601897322,5.892458112,hand_wash
-5.094159583,0.824446752,-5.411664028,0.717703312,-7.032833983,0.788083771,hand_wash
-3.621562797,1.92227357,-5.767084861,3.154495708,4.047692974,5.055998762,hand_wash
-3.284416335,2.375386537,-7.777435127,2.449576597,-2.969193974,7.690852115,hand_wash
-5.192165224,1.546510284,-5.215321034,3.891054062,6.060632514,2.266926356,hand_wash
-5.258118773,1.340235831,-5.841843652,3.731277845,-0.012133959,5.121184439,hand_wash
-6.157939087,1.389052828,-5.532672951,1.912876454,-5.666473929,2.276383893,hand_wash
-6.291830985,1.539480035,-7.086582476,3.134898999,-1.507932325,3.054191147,hand_wash
-3.391525502,1.126352451,-6.504173536,4.443076293,3.391371375,4.478306981,hand_wash
-3.366241727,1.564790901,-7.481692901,3.550257475,3.974966582,3.073175765,hand_wash
-3.308414225,1.802336024,-6.516343295,2.848977735,2.712946619,6.464041167,hand_wash
-4.727869419,2.430154207,-7.256657076,4.386594005,1.600377272,6.30759352,hand_wash
-4.636330152,1.747429794,-4.306306195,4.784550741,3.720210734,6.215523352,hand_wash
-4.275436468,1.169768813,-8.254168738,2.684624463,-2.291295812,2.625880514,hand_wash
-6.071979174,0.855747308,-6.345734651,2.678125924,-4.341980694,2.639185721,hand_wash
-6.12157013,1.346627221,-6.74291555,3.877523017,0.751811626,4.467856361,hand_wash
-4.0571632,0,-0.36524048,0,6.478528,0,hand_wash
-3.289148028,2.638886745,-3.872480459,1.930597539,8.170234205,2.366643561,hand_wash
-4.857747254,1.800403696,-7.074068972,2.198669758,0.127705873,5.018652868,hand_wash
-5.966342932,2.208599599,-6.263574837,5.833649342,4.509160673,2.071901332,hand_wash
-4.483706414,2.526254407,-6.094151343,5.493658783,0.058714275,6.242487968,hand_wash
-4.568410574,2.020149763,-8.133257044,2.862991303,-4.175398036,5.411465239,hand_wash
-5.389350397,1.648098097,-8.136764374,3.566156009,0.599964488,2.911184865,hand_wash
-1.865832471,1.689816519,-3.83962794,1.490034303,7.810233516,2.971962952,hand_wash
-2.306880379,1.578621269,-5.363071933,2.502150854,6.270466603,4.509243164,hand_wash
-5.20484179,1.934197427,-7.18606063,3.15140882,1.617249126,4.7949331,hand_wash
-5.478155072,2.597013215,-4.805704448,4.989508714,3.462904981,4.858434061,hand_wash
-4.524562244,2.217373206,-7.095603378,2.038648398,-6.024967905,5.790051365,hand_wash
-5.433960648,1.732989727,-7.509341786,5.094453741,-0.110666843,2.97912191,hand_wash
-4.90256944,1.098196484,-6.53038831,2.857155816,0.704787831,5.48701344,hand_wash
-4.467909,0,-1.9375708,0,8.496332,0,hand_wash
-2.407942648,2.598967377,-4.724961891,2.590644859,7.314177617,2.372778994,hand_wash
-4.235999419,2.792991126,-8.326161942,3.060152593,-0.844355486,6.553660286,hand_wash
-3.744589566,1.563762217,-5.088571184,4.333015724,6.552749946,2.976611747,hand_wash
-4.346128518,3.473509008,-6.492658441,5.081090998,-2.936810797,6.641656532,hand_wash
-4.853361913,2.00728617,-7.011903494,2.82367645,1.188728038,6.307844702,hand_wash
-4.621190167,0.39298248,-0.757624517,0.409077234,8.41989055,0.287022122,hand_wash
-2.368612605,2.193260724,-7.591026727,4.146106044,2.621756262,4.957375079,hand_wash
-2.912637017,1.43348476,-7.197522478,3.055112043,4.336683823,4.283759319,hand_wash
-4.688971673,2.532354744,-7.826508377,4.086461541,0.06671842,7.059132959,hand_wash
-6.083166289,1.645480478,-4.055220178,3.958148105,4.241750692,5.628106699,hand_wash
-4.250349589,1.828850742,-6.744234093,2.747142004,-6.138352864,1.877147811,hand_wash
-3.130664743,2.467347109,-5.619439278,4.688184537,-3.09399099,7.352025126,hand_wash
-4.365468494,0.927820673,-2.997366944,0.871082603,7.926708379,1.098188382,hand_wash
-4.596267031,0.334833745,-2.108440463,0.411400583,8.557853781,0.210438933,hand_wash
-2.412899995,1.961626124,-3.385407075,0.821796787,8.191553823,2.221006373,hand_wash
-3.98705887,1.403793086,-7.400797441,2.205520801,3.854272495,3.753612061,hand_wash
-5.581745919,2.792661568,-7.358506431,4.017511679,-4.964939221,6.635878802,hand_wash
-5.463661777,1.66059444,-4.785683414,3.752816708,5.728428849,2.93339474,hand_wash
-4.7078899,2.393152022,-6.460224865,4.159558093,-4.848376696,6.283326653,hand_wash
-4.542647621,1.563981738,-5.988898967,4.124050349,1.34345332,6.055147612,hand_wash
-4.58858471,0.593137861,-1.439774293,0.728607094,8.186117512,0.511343938,hand_wash
-2.689032144,0.450639226,0.918681586,0.655696146,9.03525904,0.583025021,hand_wash
-2.504967375,3.091725822,-2.8167543,1.941164064,8.316259206,2.414208393,hand_wash
-2.642994208,2.082310972,-8.825891623,2.808051249,-1.371341818,6.90973044,hand_wash
-4.202831577,2.213616157,-5.283755245,4.293381602,6.385561956,2.995754502,hand_wash
-4.722159802,2.427200887,-5.725281973,4.392357995,-3.776371482,7.073381682,hand_wash
-4.158778606,2.907128761,-6.750918074,6.027436093,-2.549609421,8.346219774,hand_wash
-5.702016057,1.377114479,-7.537700817,2.731833467,3.439968995,2.024622299,hand_wash
-2.225168393,2.322601603,-3.302666825,1.884215112,8.315156348,2.991955216,hand_wash
-4.769006178,2.354611013,-6.762439573,2.766766948,-2.72672973,7.323182661,hand_wash
-6.115460158,1.885388782,-7.5154725,4.833989597,-1.822930842,5.21070293,hand_wash
-5.105621101,2.382277647,-7.264858627,3.893459987,-3.211937756,5.806466714,hand_wash
-5.739555465,3.634800421,-5.709932197,4.950165451,0.76222101,7.153102796,hand_wash
-1.03105595,0.027096544,2.2998174,0.024556263,8.884325,0.128708991,no_hand_wash
-3.503901095,1.657430755,-4.654895065,5.32734878,1.238611788,6.767230946,no_hand_wash
-4.707774854,0.611076101,-4.215598347,0.51255578,-7.826806416,0.586829895,no_hand_wash
-3.798607689,0.74017509,-2.537131917,1.252475591,-9.18794708,0.769956256,no_hand_wash
-5.176711274,0.892851377,-7.228996099,1.695484877,-3.650750511,2.563742666,no_hand_wash
-4.319899102,1.152084899,-6.191372072,1.850129632,-6.169006789,2.949681696,no_hand_wash
-4.081302985,1.670970511,-4.419451282,2.385518165,-7.673915228,3.026783004,no_hand_wash
-5.730442243,0.715837602,-7.733394653,1.189179676,-1.883942118,1.359304179,no_hand_wash
-3.899666108,2.792847922,-5.554795683,3.068764269,-7.309098644,3.253319498,no_hand_wash
-6.171195463,3.814779657,-5.398593975,3.591847555,-3.450673258,2.990077807,no_hand_wash
-6.771119435,2.22437675,-6.52011191,2.627344023,-2.848793558,2.155474943,no_hand_wash
-7.522606678,3.825575535,-6.343670787,5.193174315,-1.879616316,3.954777749,no_hand_wash
-7.64140561,2.330041023,-6.889010203,2.413492712,-1.939714339,1.605498588,no_hand_wash
-6.234940259,0.885054346,-6.916816438,0.994842997,1.395392386,1.199495453,no_hand_wash
-3.440575958,3.147472538,-9.528905329,1.980575677,2.412816172,0.753375185,no_hand_wash
0.3739848,3.02047262,-5.529987813,2.24895792,5.832109547,2.666271661,no_hand_wash
-1.232308692,0.816297012,-3.897740158,0.569746672,8.490320552,0.522155024,no_hand_wash
3.968711754,1.430173048,-2.026010427,0.544096581,7.926293671,0.762411511,no_hand_wash
5.683120431,6.712034709,-2.058329593,2.621285399,4.936692507,4.544106091,no_hand_wash
1.171852486,2.272057119,-9.512800962,4.182366595,1.125022202,2.767559119,no_hand_wash
1.593577216,5.413064501,-4.850033158,5.62139845,5.364286499,4.246032806,no_hand_wash
-4.442576038,2.716283693,-8.289656352,6.185393048,2.030914839,3.526984195,no_hand_wash
-8.666267056,1.62786096,-3.258115438,1.950036972,2.340847637,1.977369356,no_hand_wash
-9.779101917,5.933220794,-4.300044169,4.960027833,-0.358873537,4.424698833,no_hand_wash
-6.644074091,2.843202101,-3.911218176,2.928423543,4.114303203,2.154995887,no_hand_wash
-9.886341274,6.176446737,-2.73486281,3.888134677,2.868297843,2.519301695,no_hand_wash
-9.434417417,4.073802198,-1.692928024,4.369910767,2.063744773,2.594681938,no_hand_wash
-8.060295996,7.916622389,-3.77828561,4.447589445,3.276671265,3.952179208,no_hand_wash
-9.470835928,2.610815073,-2.290445156,6.820850423,0.213682162,2.894292199,no_hand_wash
-7.186647154,2.177063902,-5.32395735,1.587702382,-3.237540977,1.785406691,no_hand_wash
-8.124541683,4.131380784,-4.974186751,3.249738665,-2.92263257,4.555893453,no_hand_wash
-1.051957889,5.616659147,-7.546875917,1.902785632,-5.758691404,2.993949238,no_hand_wash
4.08891487,3.199069514,-6.286451999,4.037966369,-0.671103446,5.044288869,no_hand_wash
1.065995016,4.966630282,-4.28882252,5.043461536,5.504212741,4.347457478,no_hand_wash
-10.9318074,3.38026595,-5.724467014,2.904494895,-1.813807551,2.562936237,no_hand_wash
2.772235128,4.815978101,-7.396797857,1.994740818,-2.173443567,1.420398926,no_hand_wash
2.778573423,5.73440709,-4.153689593,5.438632464,3.458396112,6.626126676,no_hand_wash
4.048267291,3.620064333,-3.668730025,2.956347991,5.427517498,4.502375712,no_hand_wash
4.233138341,4.101314135,1.43320787,2.623820907,8.049390593,1.678704715,no_hand_wash
2.780368698,1.225147849,-1.168556105,2.7969011,8.061327484,1.350035762,no_hand_wash
7.274314617,3.100891088,-2.502498995,2.828956423,4.844816242,3.677794142,no_hand_wash
3.26077212,3.632500232,1.298347129,4.073531451,7.946334336,3.408187644,no_hand_wash
2.225506687,1.995227558,-1.585680784,2.707546542,7.247696663,2.268751345,no_hand_wash
-3.968169903,6.47889626,-7.171925018,2.968265867,1.563218831,2.50426259,no_hand_wash
-9.576106129,2.298619857,-5.172886489,1.983838773,-1.033996325,1.356825109,no_hand_wash
1.760595969,4.338500448,-7.501531084,2.697629261,-2.291630434,2.604681557,no_hand_wash
2.619985361,3.00358478,-1.137219275,4.488930712,7.991172361,4.282053252,no_hand_wash
3.598883446,4.211483333,-3.538751345,5.756495659,5.735998521,4.707623045,no_hand_wash
7.619813915,3.733398005,-3.163014578,4.531995274,6.155449188,3.5075252,no_hand_wash
2.237244667,5.620784015,-1.148649015,5.724039924,4.918374218,5.857827685,no_hand_wash
-4.341779647,7.346514176,-7.561026277,5.317230064,-4.772971352,5.657378923,no_hand_wash
-9.760418209,7.217030177,-4.633467649,4.526934383,1.850418699,3.967225053,no_hand_wash
-6.144460028,5.262593527,-5.787514803,5.5414241,1.075837785,4.629398009,no_hand_wash
-8.926510486,1.85426387,-3.739538469,2.979286474,-3.833442168,3.966025644,no_hand_wash
-5.237101216,3.352423093,-5.475234646,6.183903898,-6.025294802,4.431512515,no_hand_wash
-6.151014934,1.180974951,-4.927244653,1.565362707,-5.937604197,1.657452585,no_hand_wash
-6.247197149,0.546438455,-4.535474298,1.356378078,-6.464016829,0.521753752,no_hand_wash
-6.415901628,0.996324757,-4.802215753,1.889903701,-6.23085677,1.602858251,no_hand_wash
-7.179829849,1.092654183,-4.778336633,1.204057131,-4.363144602,1.713387295,no_hand_wash
-9.245523815,0.95012076,-3.13711383,2.383151601,-2.832534714,1.293573464,no_hand_wash
-8.816232914,1.366381004,-3.297894477,1.574496782,-3.257570402,1.982588829,no_hand_wash
-8.857345773,0.52386475,-3.156647483,0.950358157,-2.688879047,1.467428636,no_hand_wash
-8.952760862,0.390902774,-3.088685951,0.629661752,-2.994592514,0.45197389,no_hand_wash
-8.634531488,1.387318579,-3.843935201,1.87886156,-2.63471118,2.325187771,no_hand_wash
-9.130730178,1.043595114,-2.128843649,2.03211437,-2.848758332,2.203517723,no_hand_wash
-8.012146649,1.110959602,-4.247211458,1.219161579,-3.661486875,0.919308997,no_hand_wash
-9.292426802,0.752859867,-3.142158945,0.858004112,-2.717742479,0.399954919,no_hand_wash
-9.590480015,1.018781145,-3.18647957,0.629636096,-2.485736761,0.605423804,no_hand_wash
-9.541349897,2.729311329,-1.628284288,3.203577461,-1.809858353,1.993702476,no_hand_wash
-8.891296573,2.648681911,1.811725556,3.354651307,-0.246793734,3.541322643,no_hand_wash
-7.890758443,2.483475874,-4.903753622,4.16811884,0.307833321,1.631853315,no_hand_wash
-10.63271268,3.438094395,-3.403275793,2.78411798,-2.682562776,4.253039336,no_hand_wash
-6.21259428,9.581048407,-5.623567605,5.968839118,-6.313432022,8.597191864,no_hand_wash
-6.541849188,7.361367111,-6.744937101,6.867223693,-4.280877425,6.37738093,no_hand_wash
-3.849211861,2.273758611,-8.104917163,3.243384054,2.661795349,3.466363222,no_hand_wash
-7.270155123,6.446941098,-5.814911895,3.265424442,0.128280162,2.401280341,no_hand_wash
-7.642688776,4.030679691,-4.06123944,3.03269261,3.573272343,2.189489651,no_hand_wash
-8.315620046,6.339471276,-5.689406348,4.447946755,-0.930477561,4.619318277,no_hand_wash
-8.930176019,4.27664627,-4.95751758,4.247946315,0.224292364,3.792686083,no_hand_wash
-9.214256657,2.855912329,-3.39663566,3.2331249,1.05933374,1.947894988,no_hand_wash
-6.373893936,2.630257107,-3.470584864,2.302389921,4.436844835,1.631920929,no_hand_wash
-2.484656649,1.139065518,-6.668732274,1.264812182,6.145303153,0.632910709,no_hand_wash
-1.375119379,3.758132486,-8.613927204,1.888474394,4.153455478,2.433322504,no_hand_wash
6.688926672,2.815901566,-4.147871448,3.771884202,2.425852379,4.414654896,no_hand_wash
7.060007755,3.187350939,-0.045920342,2.603523987,4.494550548,2.893485505,no_hand_wash
-7.567614062,6.013133498,-7.491046825,6.387695559,0.893660006,5.439399872,no_hand_wash
-7.636245376,2.724654142,-5.441733865,6.879221088,-0.865487697,3.799985723,no_hand_wash
1.338489321,2.467292035,-8.616215826,1.124419098,-3.992594314,3.015293701,no_hand_wash
2.361133559,0.162051402,-8.740279946,0.166310561,-4.347316167,0.342818971,no_hand_wash
2.235667739,0.160088131,-8.693031678,0.134111698,-4.564847959,0.227562044,no_hand_wash
2.19447815,0.095011447,-8.800262203,0.331477699,-4.241235736,0.337110906,no_hand_wash
2.296084086,0.089727122,-8.77323827,0.125813007,-4.378037027,0.1902906,no_hand_wash
2.452737131,0.12168101,-8.757578594,0.108034883,-4.198326969,0.127232397,no_hand_wash
2.440418192,0.09032337,-8.735525401,0.076804273,-4.262541955,0.109685585,no_hand_wash
2.369425695,0.116194794,-8.757224569,0.121139388,-4.333517803,0.180074796,no_hand_wash
2.356699217,0.065621781,-8.789804683,0.066950827,-4.226592922,0.088328742,no_hand_wash
2.362900179,0.092743459,-8.772458532,0.309524895,-4.254408339,0.136295458,no_hand_wash
2.376998181,0.069725773,-8.803903975,0.0870979,-4.182983785,0.093914546,no_hand_wash
2.401801463,0.087961044,-8.778944,0.13901749,-4.209377257,0.098636874,no_hand_wash
2.545561927,0.049334021,-8.78486047,0.064355698,-4.124389611,0.106137053,no_hand_wash
2.570583858,0.064835936,-8.839277436,0.060031542,-3.941497727,0.087993046,no_hand_wash
2.606184369,0.076882606,-8.854968213,0.122243484,-3.891112354,0.137631466,no_hand_wash
2.572547377,0.083082058,-8.873488035,0.135969107,-3.801310977,0.142510745,no_hand_wash
2.533648901,0.192424137,-8.984328711,0.366379323,-3.616467768,0.447360987,no_hand_wash
1.874980174,0.38220606,-9.601941594,0.540652457,-1.63240737,1.045012091,no_hand_wash
2.567615069,1.548734136,-9.396610155,0.779808168,-1.183673195,1.138754991,no_hand_wash
2.691684967,0.332179699,-9.429368,0.435516247,-0.656082728,0.732817557,no_hand_wash
2.395553087,0.183202213,-9.518767995,0.21966471,-1.131990568,0.191511605,no_hand_wash
2.405500704,0.106392288,-9.413173728,0.282694616,-1.960133778,0.335519829,no_hand_wash
2.474994423,0.077408115,-9.412027574,0.218626572,-1.927802869,0.201331175,no_hand_wash
3.306241463,1.217703885,-8.145959385,4.545709058,-0.146700887,2.277059263,no_hand_wash
7.160147993,1.988536895,-1.577333759,4.478447479,5.493949542,2.653286698,no_hand_wash
2.065446053,1.397652893,1.191557431,1.675319792,8.716297878,1.025500364,no_hand_wash
1.191537769,0.842278973,-9.62388831,1.378768169,2.525237065,2.171186886,no_hand_wash
0.942440188,0.111510345,-9.743793084,0.153612795,0.564240518,0.288798661,no_hand_wash
0.401083589,0.460713773,-9.266870613,0.484337809,-3.48654968,1.964244013,no_hand_wash
1.540827517,0.865113974,-9.25992803,0.76094961,-3.302862336,0.803813445,no_hand_wash
0.799142135,0.108753969,-9.61806645,0.255244431,-2.54732854,0.237467404,no_hand_wash
2.104106826,0.432723865,-9.342348956,0.244330904,-2.666983404,0.269694433,no_hand_wash
1.950506282,0.150974309,-9.346018337,0.169141193,-2.814254657,0.175550683,no_hand_wash
2.092998084,0.139075319,-9.235420559,0.259968002,-2.91721677,0.280040477,no_hand_wash
-4.147529952,6.821237133,-7.130423808,2.537179329,-0.245013074,1.604532241,no_hand_wash
-9.160179044,0.873444642,-3.223447313,3.916909678,-0.041580869,1.987323549,no_hand_wash
-9.133738949,0.539503841,-3.450428763,0.687467379,1.661100177,0.793204767,no_hand_wash
-7.4107657,0.599614604,-6.14210978,0.714026974,1.401520814,0.736789745,no_hand_wash
-7.043159566,0.301276782,-6.517203827,0.379842888,1.905344735,0.247420805,no_hand_wash
-8.039452192,1.132416864,-6.133206388,1.881193931,1.459218997,2.794150143,no_hand_wash
-1.170846067,1.583660376,-9.125979899,1.553581431,0.580040603,2.485770516,no_hand_wash
0.792905607,0.926758528,-9.655853184,1.005231771,0.43910667,1.729610521,no_hand_wash
2.084371403,0.532430834,-9.529677015,0.504286603,-1.345554841,0.489614476,no_hand_wash
2.822198527,0.156164636,-9.36736002,0.163517659,-1.506277575,0.256443007,no_hand_wash
3.29185949,0.141855608,-9.131462495,0.161987902,-1.886066024,0.17376857,no_hand_wash
3.48544609,0.130164404,-9.045789181,0.18390198,-2.180806175,0.211452933,no_hand_wash
2.778424209,0.235507101,-9.287186188,0.118401132,-2.119687142,0.115060392,no_hand_wash
2.909272912,0.126885677,-9.252458396,0.103421259,-2.207318762,0.156811483,no_hand_wash
2.899711194,0.129815355,-9.241981216,0.148174525,-2.172857992,0.143338079,no_hand_wash
2.510881559,0.686646617,-9.249470578,0.660023144,-0.957011862,0.707243452,no_hand_wash
-5.103502094,2.579869518,-8.312685987,1.659755488,-0.455859953,1.226063842,no_hand_wash
-5.989274641,0.318244363,-7.7621174,0.474249516,-1.727043887,0.288514767,no_hand_wash
-5.921519775,0.110903643,-7.727139261,0.19870936,-1.871043798,0.195971838,no_hand_wash
-6.036824594,0.106419263,-7.727660973,0.32307939,-1.315790533,0.326717964,no_hand_wash
-6.109754126,0.367716464,-7.632227707,0.520958735,-1.141938196,0.520714148,no_hand_wash
-6.522119508,1.212190457,-6.697542968,1.467162247,2.319071578,1.794109313,no_hand_wash
-6.816012173,0.443851709,-7.050652948,0.864171846,1.673751105,1.034201078,no_hand_wash
-6.509296822,1.207371818,-5.796271331,2.527358301,-4.596451049,1.930831749,no_hand_wash
-6.457980469,0.572913926,-5.01322643,0.847789101,-5.574988948,0.945072675,no_hand_wash
-9.481808987,1.154969417,-3.485425499,2.335999898,-0.601565368,2.36966942,no_hand_wash
-8.885048181,1.853810618,-3.261779482,1.688753443,1.780874871,0.958685031,no_hand_wash
-6.759226464,2.360807777,-4.527467453,3.989421342,4.320791326,2.635649356,no_hand_wash
-4.687868021,1.082162754,-8.722513,0.723109325,0.844688821,1.117476797,no_hand_wash
-6.453937379,1.411108888,-7.528103641,2.114279309,0.060385317,0.866607021,no_hand_wash
-10.34696087,3.846886756,-3.876595735,2.863829351,-0.678450386,1.900803107,no_hand_wash
-12.16682962,3.092446482,-1.840027116,1.417928784,1.677770456,2.561682159,no_hand_wash
-10.45456856,3.107835067,-4.877160888,6.555770656,-1.932923038,3.457763658,no_hand_wash
-8.276481642,3.555251625,-4.48906074,7.160697481,1.240708382,7.75123812,no_hand_wash
-3.74302427,2.362564609,-1.347068069,2.465114061,8.316005778,2.347519486,no_hand_wash
-8.736582204,3.394507756,-4.248328043,3.121397084,0.009555118,2.833225796,no_hand_wash
-10.64542316,2.742737085,-3.189715477,0.901359315,-0.911968903,1.306692986,no_hand_wash
-10.93919296,2.687859564,-3.565409207,1.445564452,-0.736409812,1.605252288,no_hand_wash
-10.81912138,2.360537835,-3.713952027,1.596064224,-0.566967517,1.916492269,no_hand_wash
-12.17420441,2.817992673,-3.885006237,1.586474907,-0.493646729,2.450447957,no_hand_wash
-12.19653134,3.01464129,-3.85277634,2.108668958,-0.763623799,1.824866674,no_hand_wash
-11.73886816,2.658861553,-2.989494202,1.175882102,-0.645611893,2.178973683,no_hand_wash
-10.36564456,3.72530216,-4.290203238,2.828696168,0.356253258,4.345701083,no_hand_wash
-14.19067082,15.39739903,-5.730882607,15.99889016,-0.69204478,8.960702019,no_hand_wash
-12.22953883,13.8358143,-0.373137006,20.19944252,1.012962823,9.057199025,no_hand_wash
-8.784635264,11.09093416,-2.384728074,17.10393487,-0.816168131,6.075236906,no_hand_wash
-10.63176325,8.954535327,-6.213458401,8.997508436,2.959984912,5.193064738,no_hand_wash
-13.05644893,3.290747892,-2.815298493,2.735104468,-1.458261651,1.943191567,no_hand_wash
-12.55098137,2.754827533,-2.55250985,2.114565387,-1.24748505,2.042951847,no_hand_wash
-12.17655192,4.035154454,-2.538234579,2.710186469,-1.426364553,1.684489813,no_hand_wash
-11.85985497,3.817533769,-2.206165214,2.657663123,-1.685894172,1.817271535,no_hand_wash
-12.04458879,3.670520836,-1.623242273,1.541876587,-2.26708754,1.156928243,no_hand_wash
-12.03055059,3.34802859,-1.974729181,2.38214173,-1.924362622,1.744595953,no_hand_wash
-11.78411832,3.462394717,-1.92640579,1.943468616,-1.537778639,2.052465477,no_hand_wash
-12.29009012,3.570983098,-2.205587738,2.309421595,-1.720347272,2.031684868,no_hand_wash
-13.01600636,2.623600764,-2.209037969,1.752247537,-1.21246086,2.210340161,no_hand_wash
-12.09936865,3.100380028,-2.065046884,1.710365767,-1.039414989,1.810075112,no_hand_wash
-11.43926539,2.608085825,-1.758477874,1.688343635,-1.218223136,1.873204693,no_hand_wash
-12.0923469,2.896205651,-1.79134418,1.531761902,-1.549838481,2.10852601,no_hand_wash
-12.58208247,3.13528879,-1.481378296,1.556792356,-1.961368368,1.824006355,no_hand_wash
-12.18098638,3.411950214,-1.899226785,1.914782787,-1.492275016,2.149279584,no_hand_wash
-11.91173634,2.752783991,-2.22545927,1.981334821,-1.22910742,2.13041258,no_hand_wash
-12.02492347,2.286109898,-2.050794181,1.878306025,-1.144126646,1.996136196,no_hand_wash
-15.79386132,8.992398127,-4.96681993,12.74006589,-3.198382557,6.706947733,no_hand_wash
-15.11359284,13.36250387,-4.634279899,18.86844308,2.815748559,8.959945034,no_hand_wash
-8.735645852,13.33761614,-6.168114492,12.2606548,3.842914493,7.362948756,no_hand_wash
-13.41317535,10.21480414,-3.64098458,9.962097432,0.042964301,7.37085082,no_hand_wash
-12.77563899,4.167908538,-2.231275196,2.144345374,-1.52751442,2.561614054,no_hand_wash
-12.48232015,3.750491446,-1.910763175,1.746586707,-1.632229527,1.800315213,no_hand_wash
-12.41415689,3.968768047,-2.188905578,2.14671948,-1.351881823,2.383967135,no_hand_wash
-12.19196432,3.205270943,-2.338853978,1.960064999,-1.024129141,2.068355796,no_hand_wash
-12.63304038,2.387298654,-3.25730956,1.764473349,-0.671115294,2.409760257,no_hand_wash
-12.90880302,3.541742656,-3.149298052,2.11460114,-0.982216279,1.962037424,no_hand_wash
-12.22810422,3.33670197,-2.298175384,2.3496366,-0.811472919,2.66869396,no_hand_wash
-14.69374116,12.12811538,-2.301732335,8.557040815,-1.00542205,7.092036249,no_hand_wash
-13.27797498,12.27998434,-6.368796046,15.9863414,0.294307952,10.0645351,no_hand_wash
-12.05412119,11.21256678,-5.270966205,15.5517356,0.05317429,7.685143107,no_hand_wash
-10.9630772,10.08286993,-6.395974501,6.042011185,0.347115668,5.440322653,no_hand_wash
-11.03937075,4.280619821,-1.598143317,1.300559101,-0.447070307,1.765780539,no_hand_wash
-12.23545034,3.427370099,-2.437178882,5.37237872,-4.395130889,3.216796722,no_hand_wash
-17.75800799,14.37958367,-2.693322976,17.68803816,-1.803770677,10.86786028,no_hand_wash
-10.27215143,15.05842288,-7.750994157,12.70414084,1.258682512,8.178757661,no_hand_wash
-13.84022507,11.96039815,-7.70216505,14.30392136,1.477146457,7.503862015,no_hand_wash
-10.8678502,4.764042912,-2.094344801,4.024324019,-0.656721843,3.049364556,no_hand_wash
-8.830742233,3.420388746,-4.403290329,3.709700344,0.026298263,2.658555318,no_hand_wash
-7.248791327,3.911810403,-6.131855072,3.714800001,-2.283096493,3.878408526,no_hand_wash
-8.301279954,2.866796428,-5.640887542,3.027189096,-0.220768622,3.346688168,no_hand_wash
-6.617922802,2.432755347,-6.970571272,3.754060176,4.507704936,2.580162077,no_hand_wash
-7.404072426,3.645488077,-4.955888244,3.760242995,2.186842531,3.072801861,no_hand_wash
-11.62354306,2.470186319,-2.967942427,1.485938269,-0.654585721,1.723951627,no_hand_wash
-2.815638737,3.265926342,-5.121565965,1.406302738,6.190673353,1.27547715,no_hand_wash
2.461593956,0.876306619,-5.164966309,0.859567816,7.591536092,0.677820199,no_hand_wash
2.034972206,1.007618971,-4.682784874,1.083432539,7.926305328,0.983512338,no_hand_wash
-0.7603013,4.855441152,-6.853054869,4.076358716,6.057579685,3.067086308,no_hand_wash
-0.155925751,0.89590138,-9.198783594,0.554754401,3.526279565,0.57143666,no_hand_wash
-6.720472242,2.68243308,-5.413206562,3.584245716,1.917402834,2.146183398,no_hand_wash
-11.54186797,3.631995266,-1.681377021,1.737821097,-1.750857025,2.083918891,no_hand_wash
-11.07458208,3.165406039,-1.984593797,2.212399546,-2.232988145,1.910731822,no_hand_wash
-11.46120709,3.192218882,-4.970349807,3.268403486,-2.182449325,1.620595747,no_hand_wash
-4.860142271,2.504179931,-7.153776693,2.540256259,-4.393675563,2.60453334,no_hand_wash
-4.711602166,3.351095021,-7.507482196,2.921334067,-2.633652709,4.583073101,no_hand_wash
-3.524653948,3.652342648,-8.69420479,2.535976499,-1.296520361,4.514523367,no_hand_wash
-0.373106476,1.2449943,-9.005578707,2.353829754,-3.963393356,1.164379576,no_hand_wash
-1.478699288,1.047563269,-8.79720318,1.510262774,-5.07101517,1.912878993,no_hand_wash
-6.989568106,5.274670324,-6.984173341,6.975624197,-3.017558601,3.852578839,no_hand_wash
-8.495109351,5.043173628,-3.308519909,6.215423916,-1.939466834,5.705371112,no_hand_wash
-6.97999984,3.49633668,-5.177806948,3.019992444,2.584463213,1.963113338,no_hand_wash
-6.168030703,3.219961245,-6.091952122,2.251802673,3.346086685,1.136556799,no_hand_wash
1.178918139,3.17411257,-8.790616818,1.507901907,-0.070362778,3.747362822,no_hand_wash
4.392418404,0.751803608,-7.973612822,0.267096117,-4.87056862,0.250404245,no_hand_wash
5.040816582,1.597526219,-4.044749298,6.697912062,2.008093421,5.368420167,no_hand_wash
-0.81262778,3.375179694,-3.224095475,3.060986227,9.233246393,2.873280187,no_hand_wash
-0.71697636,0.714286513,-1.879094388,0.550735082,9.224429636,0.50232753,no_hand_wash
-0.741578673,0.090898466,-2.295709209,0.196604716,9.114057129,0.091430561,no_hand_wash
-0.707337005,0.080059617,-2.441426008,0.093132146,9.085601421,0.079238283,no_hand_wash
-0.609544209,0.24979994,-2.405773661,0.419065851,9.110912642,0.21073681,no_hand_wash
-1.008279515,0.644060763,-0.845643456,0.696379907,9.277191079,0.320768625,no_hand_wash
-0.889299207,0.154485149,-1.450172472,0.383128149,9.291003975,0.145270835,no_hand_wash
-1.070162825,0.74367309,-2.677185688,1.659752526,8.96314927,0.93896821,no_hand_wash
-1.060412675,0.882171467,-3.374297961,0.805434127,8.681353021,0.482620107,no_hand_wash
-0.905862779,0.473852553,-2.460028885,1.633036015,8.965127213,0.610000315,no_hand_wash
-0.333201221,0.356028283,-0.870460454,0.410227966,9.371030407,0.181347519,no_hand_wash
-0.389925781,0.262352063,-1.733851859,0.30990476,9.250241213,0.239743079,no_hand_wash
-0.8448135,0.525434396,-2.597161556,1.024051954,9.048454955,0.498234941,no_hand_wash
-1.789641672,3.373831456,-5.892896635,5.43962194,5.922308945,4.101223144,no_hand_wash
-8.729415622,1.791742913,-5.603928599,2.943452276,-0.661496329,2.821303578,no_hand_wash
-9.59254702,1.781219439,-3.680009264,3.8318196,1.391642144,3.105324121,no_hand_wash
-1.524465134,2.542949845,4.041806792,2.328967463,6.428889863,1.497141495,no_hand_wash
-2.231743226,2.207525689,1.133709762,1.881179749,9.397345206,1.556620581,no_hand_wash
-1.225277763,0.470093614,1.383455759,0.958264031,9.23389111,0.665617177,no_hand_wash
-0.977250153,0.208304834,-0.198857063,0.343551523,9.378450368,0.256769319,no_hand_wash
-0.852377969,0.091423466,-0.330560121,0.163906404,9.345283218,0.154560206,no_hand_wash
-0.939084791,0.311640134,0.51955325,0.779637648,9.341418005,0.244087923,no_hand_wash
0.162896548,1.265550092,1.950179859,1.329263865,9.111405686,0.842400659,no_hand_wash
0.19800409,0.12685257,1.17753151,0.144662144,9.326703985,0.084593713,no_hand_wash
0.063847427,0.102724973,0.916675937,0.115077958,9.354353441,0.078342875,no_hand_wash
-0.044651701,0.059706962,0.870388043,0.082923218,9.357104139,0.054882285,no_hand_wash
-0.02734314,0.046429253,0.712201321,0.092035694,9.369574672,0.04495622,no_hand_wash
0.064701097,0.12913181,0.692872033,0.10822987,9.367348277,0.065159164,no_hand_wash
0.177681994,0.129789268,0.722311808,0.154101905,9.366233644,0.118204868,no_hand_wash
0.091503835,0.06534445,0.636769948,0.082708415,9.379260377,0.071044414,no_hand_wash
0.213607287,0.102103822,0.93833782,0.235893516,9.331446723,0.128299192,no_hand_wash
0.284888759,0.254716692,0.907119569,0.637860869,9.325885896,0.279000824,no_hand_wash
0.443571707,0.405258261,1.405465556,0.645246141,9.23230727,0.519071602,no_hand_wash
0.009674928,0.355143916,2.715264465,0.631712121,9.031002111,0.683769001,no_hand_wash
0.027981416,0.192278137,3.405646633,0.857695205,8.714752895,0.474111027,no_hand_wash
-0.110858577,0.059197778,3.117141627,0.196519717,8.877851228,0.086284173,no_hand_wash
-0.050541956,0.035647304,2.88772436,0.067034637,8.939422221,0.055080124,no_hand_wash
-0.08565159,0.19022944,2.791573108,0.211338744,8.967119102,0.218094324,no_hand_wash
-0.063491731,0.08795984,2.995813738,0.100081379,8.917226822,0.131193894,no_hand_wash
-0.028705014,0.056392326,2.840152697,0.108385085,8.962550529,0.089591112,no_hand_wash
-0.008892399,0.04675209,2.809405327,0.066412887,8.962447663,0.052241449,no_hand_wash
-0.001363501,0.047118937,2.771962413,0.067192964,8.979615926,0.05857456,no_hand_wash
0.013348712,0.047867892,2.707710475,0.052191245,8.991243721,0.055719315,no_hand_wash
0.030684704,0.57350394,4.345549502,1.60808281,8.176229135,1.068895983,no_hand_wash
0.432395877,0.379025052,2.548205935,1.350873557,8.991863659,0.789380902,no_hand_wash
0.103678519,0.512463215,2.658307325,1.107095042,9.021369348,0.515939361,no_hand_wash
-0.211473109,0.163984275,4.526515766,0.596639197,8.248305,0.32947956,no_hand_wash
-0.222618251,0.098257485,4.133282007,0.155917928,8.454750936,0.125485949,no_hand_wash
-0.337875602,0.303768713,3.827015914,0.48196438,8.577999553,0.376287571,no_hand_wash
-0.238621432,0.244899401,3.471193377,0.565720882,8.758891615,0.455875611,no_hand_wash
-0.207631596,0.23790743,3.388952629,0.401036,8.740327336,0.450162206,no_hand_wash
-0.190510761,0.171824256,3.716287781,0.604375715,8.621643606,0.469735867,no_hand_wash
-0.178569839,0.100122992,4.518591778,0.310310445,8.264942478,0.202815618,no_hand_wash
-0.223471923,0.053334772,4.273983511,0.068608167,8.386564,0.069587577,no_hand_wash
-0.21014518,0.046152037,4.291851267,0.068053123,8.381987381,0.059653239,no_hand_wash
-0.217582318,0.067038312,4.22255828,0.05624493,8.399420326,0.064075998,no_hand_wash
-0.217436946,0.058222463,4.28554363,0.089080937,8.378193257,0.071786597,no_hand_wash
-0.221057955,0.052638737,4.266375088,0.060426077,8.398711221,0.061339571,no_hand_wash
-0.215338341,0.058056231,4.20043739,0.064398769,8.421943921,0.058502504,no_hand_wash
-0.228084114,0.066288752,4.251657648,0.101195211,8.402001178,0.070365069,no_hand_wash
-0.217359764,0.038769249,4.241145201,0.057515265,8.397208569,0.058595463,no_hand_wash
-0.273767333,0.089582851,3.871809928,0.273078017,8.576588653,0.229762225,no_hand_wash
-0.273767334,0.082306995,3.780135196,0.178100517,8.627607401,0.1000017,no_hand_wash
-0.217970257,0.097214903,4.557722168,0.264719551,8.239418981,0.183330693,no_hand_wash
-0.210821002,0.07848932,4.477939583,0.133527735,8.28973173,0.110699865,no_hand_wash
-0.219488127,0.217215619,4.659391933,0.331456412,8.17290929,0.419347265,no_hand_wash
-0.246299584,0.070786722,4.583703425,0.101664854,8.227514366,0.08033608,no_hand_wash
-0.216227582,0.058229377,4.638737827,0.073004788,8.194215465,0.083698581,no_hand_wash
-0.293081624,0.343472509,4.145577228,0.465380708,8.454703483,0.375552903,no_hand_wash
-0.252275391,0.127077602,4.318501985,0.211948354,8.385116019,0.178352154,no_hand_wash
-0.237652336,0.145992061,4.380846415,0.179418875,8.344769707,0.179487905,no_hand_wash
-0.245667351,0.096565688,4.258534438,0.291737029,8.391614938,0.211371798,no_hand_wash
-0.260517076,0.088482898,4.603861515,0.278165133,8.224802339,0.220071563,no_hand_wash
-0.280312139,0.151553147,4.317662966,0.185532919,8.431903431,0.176644212,no_hand_wash
