Mean_X,Std_X,Range_X,Max_Spike_X,Mean_Y,Std_Y,Range_Y,Max_Spike_Y,Mean_Z,Std_Z,Range_Z,Max_Spike_Z,Total_Acc,Activity
-9.507259355132978,6.298128083155836,54.964502,28.905494000000004,-2.3340547864268615,9.535518952017737,78.47641,78.47641,2.4739946594654256,8.278283204180727,78.47641,46.065807,10.097348254213534,major_fall
-8.592855900827068,4.785683462629934,54.964502,28.266022,-1.0846226951641607,7.987203196289488,78.47641,78.47641,3.6228632010751878,7.114531547807021,78.47641,46.065807,9.388222233040102,major_fall
-8.250332076165414,2.0264225042803576,16.046630399999998,4.4870691,0.840780904159148,3.3088189219494786,16.953145999999997,6.7922754,4.248137378468672,2.5259524918604512,16.58551,11.862531650000001,9.317808920671492,major_fall
-6.5681428654482765,6.207088640007346,71.0758,42.319997,-3.2755815047379313,5.783638783819953,60.154509000000004,48.895522,5.452600575310345,6.896123732147931,61.622656000000006,48.28599,9.143346648191514,major_fall
-6.855034125589744,5.365973414308319,71.0758,42.319997,-3.4849253683948715,4.997621096645439,60.154509000000004,48.895522,5.356673048307693,5.943005527910293,61.622656000000006,48.28599,9.371773782627711,major_fall
-7.086223519924812,1.7866440599634863,24.999214000000002,5.8809707,-4.302859667744361,0.9425178382453993,13.317505999999998,6.691684599999999,5.474321354887219,0.9053352697835,9.216035399999999,2.878812999999999,9.934654467630514,major_fall
-9.130983636967455,5.329014098722368,45.190427400000004,22.112019,-2.927578340393491,4.976478270845368,71.333259,37.703594,1.1296095393686392,4.544725709786071,42.940304999999995,24.4902717,9.655133081896963,major_fall
-10.088762735568181,3.9749641724415152,43.2289065,22.112019,-2.9466905031641417,4.366897393495302,71.333259,37.703594,0.4543279481631313,3.2466588048841487,39.683079,24.4902717,10.520101346494197,major_fall
-9.70672734691358,0.5177254320006099,6.295309,4.906198,-2.961941347464198,1.0296237519458484,8.27000278,3.982918,0.6460254727891358,0.7988650038441839,6.571933700000001,4.2775048,10.169119983785734,major_fall
-9.714169639506174,0.47764959558939013,6.295309,4.906198,-2.847985726723457,0.8665034172355667,8.27000278,3.982918,0.8079169649553085,0.7194520141865081,6.571933700000001,4.2775048,10.155237284622485,major_fall
-9.75072474691358,0.11155626943128417,1.306483,1.1543989999999997,-2.748125242469136,0.27590445468188207,2.1519249,0.8717872,0.9467778311851853,0.21087182803304652,1.8226098800000001,1.2837304999999999,10.174734084976995,major_fall
-9.694132028465347,0.1304819721025344,0.9029220000000002,0.38679499999999933,-2.921772656435644,0.3421067454751949,2.9829967999999996,1.4178517999999998,1.0226881576237623,0.279627400251644,2.2022205699999997,1.2023,10.17638650548202,major_fall
-9.95500381462696,4.317482113859866,44.8191997,30.292209,-2.1090812130764887,4.77014321196253,54.754935,48.974554,-1.7483755261231975,5.834960720261361,78.47641,78.47641,10.325073437653414,major_fall
-9.88883758287218,3.7527189533868985,44.8191997,30.292209,-2.152600322993484,4.240082807210198,54.754935,48.974554,-1.933194943141103,4.798770901185842,78.47641,78.47641,10.303399418597886,major_fall
-9.922508761306535,0.10991247370638364,0.7831719999999986,0.6933589999999992,-2.244205504522613,0.39247041595975946,2.7387049,0.9520202,-0.7373109755761307,0.264024729457011,2.40340204,0.90651494,10.19981695617326,major_fall
-9.824260719753086,0.44047762484477404,5.3121535,1.7842889999999993,-2.508256643851852,1.1481857871762573,10.207573,2.8057654000000003,-0.4232797880222221,1.1739019965957633,10.020762000000001,2.7303223999999995,10.148232154422686,major_fall
-8.84421042237288,5.659032850168592,55.654268,52.715579000000005,-3.6682809078983047,5.978882778068311,63.173429,33.360226,2.394374102101695,8.391561201886981,78.47641,66.856972,9.869618541528116,major_fall
-8.912840847594937,4.8993891665660225,55.654268,52.715579000000005,-3.1565811584126577,5.3061329725918185,63.173429,33.360226,2.816070032987342,7.3252912705809985,78.47641,66.856972,9.865748173093207,major_fall
-8.19753812875,1.1893251718922648,8.489146999999999,2.693199,-3.4214350875324997,2.5002526070840316,13.7031037,4.4738965,4.004065492475,1.5450956109453353,13.576168,6.6461793,9.74363330070142,major_fall
-8.407166083950617,0.9353721021747964,7.5598796,2.693199,-2.4581445523777776,1.4315370252837296,11.1691737,4.4738965,4.773099465703703,1.3240029908832647,13.576168,6.6461793,9.975239080494015,major_fall
-6.219173330795919,9.478751207375232,78.47641,33.1949715,-6.439099613707484,8.892972428470607,78.47641,46.524452,1.8365360093877554,11.640252351195914,78.47641,78.47641,9.138543935852635,major_fall
-4.791872209790513,8.60697343213074,78.47641,33.1949715,-6.944110407620513,7.935141192035786,78.47641,46.524452,2.5491973780769235,10.226752106091732,78.47641,78.47641,8.813689119805645,major_fall
-1.5717008721110257,3.4316742329456127,42.094865,21.247417,-7.781550482287178,3.0501904713740484,42.736728,42.736728,5.048369549307693,3.9831557624239204,63.224924,63.224924,9.407911917431813,major_fall
-0.8271844754443589,1.7172576491422957,14.5952493,2.4357347000000003,-7.749595390235897,2.1381399206467244,18.123112568,5.3696340000000005,5.683522582025642,1.5781363719113968,13.3306786,7.0425544,9.645874341353252,major_fall
-9.143896049273927,6.896507852403829,43.0864028,30.132939,-2.1260105907722773,7.078863206839775,69.484308,24.371720000000003,4.706474241023102,4.779728469575347,40.811132,26.9176239,10.501507309592142,major_fall
-8.561386195438144,6.1683983290813424,43.0864028,30.132939,-3.732233608515464,6.2896802495678275,69.484308,24.371720000000003,3.9380386580309277,4.286938894511258,40.811132,26.9176239,10.135829998974787,major_fall
-6.994539630353536,1.402971483832657,12.54870478,1.5376019999999997,-4.122300358166667,3.101953392621396,15.334113,2.3387366,4.946900754510102,2.1529320634153044,12.8145516,1.7196244000000007,9.507300981798137,major_fall
-6.718846139097745,0.8391879064846176,4.878654,1.0071063000000011,-5.383424657894737,1.7093636833583132,8.225695100000001,1.136437,4.63963304031579,1.6175742133724815,7.3275623,0.9244773000000004,9.780099653729897,major_fall
-7.7143222754464285,5.281548667566755,47.949490000000004,34.0440065,-3.5935272276249997,5.194081349996103,71.67934600000001,71.67934600000001,4.218570297303571,5.415014326485532,74.276741,74.276741,9.49844942390194,major_fall
-7.989870686938776,4.59282707895706,47.949490000000004,34.0440065,-4.055043010464286,4.608476938666021,71.67934600000001,71.67934600000001,4.17688657189796,4.88750529191325,74.276741,74.276741,9.885736636448508,major_fall
-7.745883319047619,0.25357212830315096,2.5973989999999993,1.1855342999999996,-3.9471362516290727,0.32140914494885714,2.9147388000000003,2.0764818,5.046219115538848,0.3315899584575509,3.0871802,1.5352073000000002,10.052010761198687,major_fall
-7.391991143712574,6.031561737353628,65.937284,32.1794827,-3.9888297384431137,4.420509912330608,44.740162,38.743034,3.423035076161677,6.154310473017001,70.460278,65.786398,9.070251643898667,major_fall
-7.333243675438596,5.477153521967175,65.937284,32.1794827,-3.8681726343358394,3.9919468070068205,44.740162,38.743034,3.81211478104762,5.6340104690164114,70.460278,65.786398,9.125318703270949,major_fall
-7.586695564661655,0.9396461933465508,6.787486,2.469265300000001,-3.6332386181203007,1.107147822375316,9.141789269999999,4.291875060000001,5.059214648654136,2.0753725311282243,11.1691732,4.16134613,9.816008624090248,major_fall
-7.338351672098765,0.4275604605624517,4.712200999999999,1.989064,-3.413677507407407,0.5323034677532577,4.003275,1.6753163,5.88368482,0.3995672421740871,5.022355500000001,2.4201672,10.006115452515647,major_fall
-7.304091079012346,0.2786440837889794,2.2644909999999996,1.2873230000000007,-3.503156626419753,0.4295345423214848,3.1554382,2.0034337,5.881579565925926,0.22209254985538832,2.5542884,2.0082240000000002,10.010735788644798,major_fall
-7.466256820136519,5.6509243830075,51.257012,35.270256700000004,-3.894383485720136,6.951230063022522,73.98455,53.452047,3.3448981799283275,6.6378008205748165,74.077957,51.976713000000004,9.060880612400355,major_fall
-7.456822716666667,4.897474846768805,51.257012,35.270256700000004,-3.892560754810256,6.028451516993753,73.98455,53.452047,3.888446249279487,5.824388309470569,74.077957,51.976713000000004,9.26694385928936,major_fall
-7.856946700761423,3.486576686337015,51.257012,35.270256700000004,-3.876141540253807,4.4285271218461215,73.98455,53.452047,4.525094588868021,5.310711181670394,74.077957,51.976713000000004,9.860657469808471,major_fall
-7.262787330123456,0.7272454554927774,7.94907,3.6607874999999996,-4.011264447901235,0.9238274789581218,7.909552,3.1386732999999998,5.582122287209876,0.8786994415864119,10.0770447,4.721781,9.999920574832753,major_fall
-8.644219298236914,4.97120144656655,39.121448040000004,33.6847536,-2.632608109534435,9.878149845569494,78.47641,52.188672,4.42709795445179,5.726356826611105,66.861761,42.73673,10.062422622445808,major_fall
-8.479214994835443,4.12777145198775,39.121448040000004,33.6847536,-3.8155935331999995,9.005175628411413,78.47641,52.188672,4.290550180521519,5.303469228664116,66.861761,42.73673,10.24034480819924,major_fall
-7.464138261999999,0.6679623002465057,5.9432409999999996,1.9184110000000008,-3.2793834803749995,1.2120201162759434,8.1957566,3.1219080000000003,5.7421042485,0.6691728294257993,6.5000827,3.095563,9.971934476632432,major_fall
-3.4338540701844384,4.621030833633503,41.7835123,33.569793000000004,-6.09864461346974,7.300520211837278,53.446059,25.238716000000004,5.318434221613833,7.809607775369798,63.899122000000006,33.930241,8.790367595633237,major_fall
-10.38615564971875,8.728713636303802,61.513684,35.0091993,-3.29755642821875,11.031356572650802,78.47641,28.388168,0.09803859671000019,10.177388433548721,77.409426,49.127837,10.897509768011973,major_fall
-10.295821208654822,7.815417029641998,61.513684,35.0091993,-3.4363332764974617,9.879525263233946,78.47641,28.388168,0.5882720932670048,9.15819517216383,77.409426,49.127837,10.870068298012987,major_fall
-9.300483541250001,3.01975580400064,46.349617,35.0091993,-2.81745605164,3.875021321502552,69.435209,28.388168,2.4991968922925,3.1980240862746383,56.498509,49.127837,10.03409377125954,major_fall
-3.7208547361038566,5.6443418724718555,56.12489,28.687546,-5.493648883618992,4.4759332132696406,57.405027000000004,37.23058,4.976829279204748,4.014041001384174,34.230816000000004,21.783899400000003,8.294200847461095,major_fall
-4.871433347435444,3.8695053697961916,44.453959000000005,28.687546,-5.98306194070886,3.7877284099053417,57.405027000000004,37.23058,5.150410687574684,3.6499761119511636,34.230816000000004,21.783899400000003,9.276563118717432,major_fall
-9.323042985034483,7.174792853471545,46.6166617,32.430961,-5.189032814482759,7.546750232384834,60.974804,60.974804,1.4411865239310349,11.503455969682445,75.118592,38.21133946,10.766717728599556,major_fall
-8.917855229897436,6.214326973140497,46.6166617,32.430961,-4.9746428922307695,6.512531848660582,60.974804,60.974804,2.3046106424102564,10.021653084721725,75.118592,38.21133946,10.468354408393985,major_fall
-7.750153813819096,2.918776529329609,43.4252984,32.430961,-4.4297511131407035,3.7643348020915655,60.974804,60.974804,4.470845551105528,3.422627020179941,56.179973000000004,38.21133946,9.983788810069354,major_fall
-8.713302852620371,7.250836924642656,60.434727,60.434727,-5.364333699259259,5.194524619767308,69.922596,52.350338,2.731028198425926,8.778361940473578,78.47641,68.671198,10.590384207340561,major_fall
-8.005223752503758,6.684075909646786,60.434727,60.434727,-5.586710196390978,4.715547134179084,69.922596,52.350338,3.276281673659148,7.99082931569254,78.47641,68.671198,10.297036454789506,major_fall
-6.729749802907267,5.979887140849268,60.434727,60.434727,-5.880715345639098,4.025415966533057,69.922596,52.350338,4.858534231629072,5.198905196199052,78.47641,68.671198,10.172398943517555,major_fall
-6.908399344188481,6.382043807575458,78.47641,78.47641,-4.154612812984293,8.59771405055653,63.263245,38.1694273,2.7081213329842933,11.450773413429829,78.47641,62.234584,8.504158410963528,major_fall
-6.729794800726817,4.674850887250831,78.47641,78.47641,-3.989166142005013,4.602525448298421,63.263245,38.1694273,5.264658122932331,6.228835418294277,69.663934,62.234584,9.429751307418782,major_fall
-4.148766029823204,9.391068196217054,55.074673000000004,42.2912563,-6.755834049897791,6.955340088858554,53.42211,40.402783,0.9500387422099448,9.8006313155172,75.844284,60.318569,7.984743382956852,major_fall
-1.5589725434948452,3.920116363342106,53.568206,42.2912563,-8.624110410239691,3.908598141565382,44.1318283,40.402783,2.5988245900515463,6.726598584629776,65.442713,60.318569,9.141092112501218,major_fall
-11.1102972725,8.188713634102164,39.15737266,10.239906999999999,-5.13994771990625,9.576684423503313,64.366152,14.276712,1.75638381925,12.177610632362612,78.47641,46.859756000000004,12.366998510843835,major_fall
-8.223333431902315,5.598652276652691,37.2928461,12.0014421,-5.692902969100257,8.18285102926017,64.366152,14.276712,2.4045195692287913,10.430263376935438,78.47641,46.859756000000004,10.286596682413336,major_fall
-12.617191463190789,9.603129998277392,57.787034000000006,37.291653,-4.7442855525361844,9.537981067328282,58.410934,27.836113000000005,-1.1642513416381577,14.157168112317523,69.726204,47.19386,13.529865003366602,major_fall
-11.397819983734335,8.64476479619639,57.787034000000006,37.291653,-4.502351620967418,8.30604365656539,58.410934,27.836113000000005,0.3208815502305758,12.612709127560342,69.726204,47.19386,12.259055243766547,major_fall
-8.561648590726817,3.919902591854507,57.787034000000006,37.291653,-3.6978321226466164,3.8209169108648458,56.43983,27.836113000000005,3.2661883838145367,4.896794811653464,55.327346,47.19386,9.88148650542704,major_fall
-9.425754432642487,4.0876504892457675,30.804742,22.0102296,-2.893239434864767,4.755943452479398,56.735617000000005,32.3291704,0.7943709074455958,5.426627515420255,78.47641,66.594717,9.891749399905562,minor_fall
-8.736179282238806,4.991311914579469,43.31153,19.481085999999998,-4.100476008383085,3.8534145310653396,37.034187,32.919543648,2.4064465044776124,4.379516419107191,28.076814,16.3388238,9.946140795587821,minor_fall
-10.020018023263157,4.894287993069297,31.756762700000003,22.149140000000003,-2.360430387069474,6.183083762683024,69.838772,42.684038,-0.0629512098631579,4.348700408937822,52.749108,47.304031,10.29448180597463,minor_fall
-9.3765945915,5.937451653541327,41.7368094,24.298672000000003,-3.061407122566666,5.564595331764473,64.095513,42.706790999999996,1.6014896787555557,5.181234938443633,55.328545,55.328545,9.99287290495629,minor_fall
-9.175176148133332,7.689464152667831,37.515586,6.386320000000001,-3.725796177666666,6.790135603098127,41.770339,13.354629,-0.017731120086666625,4.406178925539832,27.934310000000004,7.408993,9.902814190895933,minor_fall
-10.08376966700565,8.729791767673166,53.761003,25.641078999999998,-5.470393744576271,6.377953367780473,32.9626545,12.4253614,-0.5207205485310736,7.367841205965824,41.668548,32.1208033,11.48384814892573,minor_fall
-7.641792560687501,6.797890524721122,49.009282999999996,7.667653999999995,-3.3487387625500005,3.434642584803311,35.216368,9.568103,0.9358950587031248,4.871476397134714,31.554383,8.477172,8.395650326287337,minor_fall
-7.476992775906251,5.408610605416043,43.433680700000004,22.223387000000002,-2.2022915532384375,4.53857204665072,44.850333,21.5575722,2.622830778621875,6.465126758854017,63.937443,41.836201,8.224034919047089,minor_fall
-8.841031845263158,5.4874257121407926,40.0207779,28.997701,-2.7906830945157886,8.69343740505194,76.23826199999999,75.964031,0.6899925427000001,8.86254004138191,77.05736200000001,77.05736200000001,9.296657782878487,minor_fall
-10.547589960529098,4.985973366664142,34.750536600000004,13.198954,-2.4035794933719576,3.889254584136363,29.808412000000004,14.510225199999999,-1.092261962116402,5.497593159906754,50.948054,41.317681,10.872988758860131,minor_fall
-9.786892671080139,3.5132351897858216,18.8535936,5.569617000000001,-2.6879379403135886,2.739585925833613,17.760267,6.5695387300000005,-0.12953550446585352,3.856092863302012,21.76474,6.63899404,10.150126007746733,minor_fall
-9.705033424838863,5.457324861228019,30.1305434,10.593172000000001,-0.8400616076966825,3.318838381859313,27.925928,15.1365233,0.0385359626066351,4.73078686396216,43.786944,21.9264037,9.741399401645511,minor_fall
-9.74229670471246,4.5791922983096045,37.237763,8.686736,-3.050260142536741,4.7107144815926105,33.052466,7.21140393,2.382669499442492,3.547980214358757,23.535856000000003,9.829160199999999,10.483012256187296,minor_fall
-8.595038655593434,4.396621951000096,37.237763,8.686736,-2.3167005734949493,3.4521904181979988,32.874037,7.21140393,3.7222504442058075,3.902621909063342,23.535856000000003,9.829160199999999,9.648675526089969,minor_fall
-7.013711206419753,2.2436487413118207,9.1465794,4.770879,-1.8235796955111112,1.154608770972616,4.9121848,2.4680676000000004,5.644670745208642,2.9888115861267113,10.415939400000001,4.2355920000000005,9.185853015085355,minor_fall
-8.532435080900902,7.637517772903447,47.305227,12.701985999999998,-2.6964143999774777,6.1835377838097365,65.161297,30.687385,1.7291123871171172,5.14789962852796,24.582481,9.7764701,9.113886584409316,minor_fall
-8.852419187093023,7.756360884893548,43.530678,21.743185999999998,-3.56252192275969,4.536080746009871,27.316395,5.5540504120000005,0.7108613012042635,6.055760155710709,35.897749000000005,11.051817,9.568814540145812,minor_fall
-10.428908242180094,4.060406413973056,33.3781894,29.471913,-2.581076225976303,4.781892259376435,50.012798000000004,27.382259,-1.523726179236967,5.92737535068178,53.012561000000005,28.351044,10.85107474296459,minor_fall
-9.950618597260835,5.3570010672349975,35.221157000000005,16.5819177,-2.4936752275209124,6.295361584048517,59.535396,13.042077999999998,-0.010946048159695897,6.192961344262329,53.496354,31.112501599999998,10.258330586624462,minor_fall
-8.843249906593407,5.898442842233892,49.924182,32.132779,-3.3845837124677653,5.109482502252222,37.308417000000006,16.8896776,-1.5220261402820514,5.954610556298901,39.503451999999996,27.7906085,9.59036179655743,minor_fall
-9.425698179563106,9.351782149398911,51.752781,22.361099499999998,-4.771396245072816,8.48264334967054,52.641333,24.495062000000004,-1.8913155287932037,8.916326310100201,58.34267800000001,42.472080600000005,10.732524527303376,minor_fall
-9.844479044927537,3.582393751304751,25.1465077,14.955699000000001,-2.740162644830918,4.866831099107302,30.846654,10.750046,-2.6731137014009665,4.355887749041597,27.895989999999998,27.0984485,10.56256577952354,minor_fall
-6.856288477862069,6.337019180423095,46.860952,18.150655999999998,-4.193051545589656,4.247960414138613,24.927364,12.2900428,2.7207752442068966,7.265999840027009,32.742311,13.4001343,8.484868348131576,no_fall
-6.7857710847028425,5.648465915243161,46.860952,18.150655999999998,-4.215228191768217,4.104255947413496,25.836274,12.2900428,0.36347671157622724,7.516535344028845,35.6331,13.4001343,7.996683890371371,no_fall
-8.40479218713198,4.149543647478086,33.4500402,18.150655999999998,-4.658580463744416,3.863884294288253,25.836274,12.2900428,-2.1017086568274115,6.063915833462266,34.846336,13.4001343,9.836670316943595,no_fall
-8.528944884478372,3.280819001242074,18.250048900000003,4.053571,-4.049807394680153,3.319812306802045,23.531068,12.2900428,-3.067852431568193,3.3483278945029475,23.638843,6.8210157,9.927515264070598,no_fall
-9.245765937530864,2.984932092787117,14.940131899999999,2.4836356000000004,-3.2409374750353086,2.6827979165999727,17.053736999999998,6.365962100000001,-3.528963709940494,3.0510066005939738,19.282302100000003,3.9697448,10.413522379808438,no_fall
-10.207135879848867,2.2373691828079245,11.454180999999998,1.7818939999999994,-2.641739723609572,2.1008831034365802,12.454101399999999,2.4045997,-2.115459815694962,2.5824424166768774,14.1413925,3.3602126,10.753584605554328,no_fall
-10.999675436265985,3.2507291935501454,22.65329137,4.303850000000001,-2.331842463624041,5.743135615988009,46.367576,5.8438478,-0.6760264163219948,2.817610156355147,15.979571,4.0751257,11.264428999905796,no_fall
-10.89254574865285,3.5360677033880266,22.65329137,4.303850000000001,-4.844860812064767,10.997106360158172,67.227001,10.724897,-0.7797370731103628,4.025944548451982,21.409079,9.495055,11.94689160735791,no_fall
-10.504892016587926,4.53675954752781,30.3532809,8.460406999999998,-7.134288612984252,14.550955547315594,69.87589299999999,25.073461,-1.3121500905538057,5.377591705972774,24.281905000000002,9.495055,12.766070975584848,no_fall
-10.59832633721354,5.165055991475576,30.3532809,8.460406999999998,-9.511012443229168,16.933835318430933,70.037558,25.073461,-3.071204015833333,6.089379996650791,24.281905000000002,9.495055,14.567641296799048,no_fall
-10.125719611844156,5.47210781792557,32.536341,8.460406999999998,-11.72286178838961,18.013304403719722,70.037558,25.073461,-6.517529316698701,6.679987484294788,35.625915,9.495055,16.805769085685952,no_fall
-10.782779227643982,5.943930835180882,32.536341,8.460406999999998,-11.08914119332461,18.593025416942382,71.08897,25.073461,-7.106101313256544,6.14259440409916,36.083364,12.0445537,17.02157619469671,no_fall
-11.540250382947368,6.2969613727019365,41.932003,6.2402239999999995,-9.147172155052631,16.62925690136523,71.08897,21.690494,-5.256355671372895,7.478812888485259,49.221244999999996,12.0445537,15.635773478765325,no_fall
-11.678364093376624,5.84796063679665,41.932003,6.2402239999999995,-6.732552389532468,13.93297768253192,71.08897,21.690494,-3.7845320986901303,7.244352381530825,49.221244999999996,12.0445537,14.001218974835144,no_fall
-11.91840219485861,5.005676728532868,33.260835,5.936055,-4.347902474562981,10.05154327276204,71.08897,21.610262,-1.0441700278149102,4.744552634316976,37.131187,12.0445537,12.729605565519632,no_fall
-11.599413586934674,4.312110946092467,33.260835,4.950507,-2.6105081122738696,2.3739935783498125,19.3745112,6.5455885,-0.599170101080402,3.895186197053159,29.732971,5.5193239999999975,11.904627376572568,no_fall
-11.012947343209877,2.2851613636437764,10.225535,1.4046789999999998,-2.2673147238814817,1.2506952072338415,7.3491175,0.8226892600000001,-1.360731830894568,1.9361801179161309,8.123906,1.0801540000000003,11.325957635319538,no_fall
-10.734737733086419,1.9463401964410958,10.225535,1.4046789999999998,-2.552724175955555,1.2467673199854181,7.3491175,0.8226892600000001,-1.614050972277284,2.109443509297801,8.123906,1.0801540000000003,11.151509111226451,no_fall
-10.615823553827157,1.354394734655242,7.050938,0.9041189999999997,-2.470894340708642,1.2497671553774492,7.3491175,0.7723936999999998,-1.388519963530864,1.9219998436472703,7.7826157,0.79275142,10.98767565311523,no_fall
-10.402530211138615,1.1477594309230446,5.618716000000001,1.1532020000000003,-2.2719339030866337,1.2469962034372897,7.3874376,1.5579602000000001,-1.5064821049497525,1.845136928897986,7.5359287,0.8178991000000002,10.7537810460405,no_fall
-10.467649272772277,1.4602206314215023,7.062912999999999,1.1532020000000003,-2.1939623834653466,1.0661958476311824,7.3874376,1.5579602000000001,-1.5112958537814356,1.5776233321463318,7.0856653000000005,0.8178991000000002,10.801350257976448,no_fall
-10.708120520297031,1.498382508767637,7.062912999999999,1.8345850000000006,-2.222705580056931,1.1696620338848924,7.3586977000000005,1.763932,-1.220733748083416,1.214505752368485,5.8462426999999995,1.8908678999999995,11.004292619543174,no_fall
-10.655158099506174,1.555614344115432,7.397018699999999,1.8345850000000006,-2.4152204835382713,1.1953138903978175,7.4868310000000005,1.763932,-1.6047015246022223,1.2774074640504187,5.8462426999999995,1.8908678999999995,11.042678619458032,no_fall
-10.821786402222223,1.8343218761901208,9.176518000000002,1.8345850000000006,-2.5230732469333335,1.3264552559655747,5.94922866,1.763932,-1.8326127644548147,1.2542864756417786,5.8462426999999995,1.8908678999999995,11.26212364916827,no_fall
-10.75045028345679,1.9171547199900008,9.176518000000002,1.8345850000000006,-3.0457847860197527,1.379792341651213,5.94922866,1.763932,-2.2585714267066668,1.2610622984259716,5.9001306,1.8908678999999995,11.39956714745614,no_fall
-10.693182671111112,2.1156757803380155,9.176518000000002,1.0310570000000006,-3.2171528612716047,1.448252858162476,6.05820166,1.7519567,-2.5058498039017283,1.0664855300906375,5.5660253,1.077759,11.44436592434257,no_fall
-9.698999116965348,3.3571514848270585,16.37474903,0.9580079999999995,-4.37032077865099,2.768675852520847,12.19184666,1.2801380399999998,-1.8965234942103961,2.2000136475282193,10.8362656,1.13164665,10.805882145539771,no_fall
-8.827414111826087,3.3515697088570664,15.28860753,1.034647999999999,-4.9580610103631715,3.2923964728428063,14.5952491,2.4321422999999998,0.1131172011483377,4.210239481497983,14.8299613,1.24900265,10.12513725266702,no_fall
-7.416584349901554,3.9454580180834733,16.3076883,2.0884571000000003,-6.0193076298885995,4.072050186980644,18.259629099999998,2.4321422999999998,2.141668664411917,4.790931643387702,17.3315596,1.650169,9.789000583847347,no_fall
-5.69343286807349,3.888869240750287,17.9806095,2.1662953000000003,-6.272653571041995,4.279156573246901,18.259629099999998,4.4583293,4.663018177120735,4.288179441206806,16.7124472,3.196154000000001,9.669803470894525,no_fall
-5.103192623214854,3.903005204373352,17.781823,2.1662953000000003,-5.7421768408567635,4.324936458086705,21.071382,4.4583293,6.6120136577824935,3.283389230514149,17.2597086,3.196154000000001,10.135773006140601,no_fall
-4.58612156905641,4.14278170998977,18.544636,2.1662953000000003,-5.163858606325641,4.029190298342285,21.071382,4.4583293,7.030457007728206,2.983507790239669,17.2597086,3.196154000000001,9.855215496872834,no_fall
-4.300681999934177,3.904283603352651,18.544636,2.1662953000000003,-3.820977779422785,3.5876907152104316,18.651215,4.4583293,7.857386049113924,1.8821984626940422,11.412268399999999,3.196154000000001,9.7382879594008,no_fall
-3.7093373921499992,3.6110442351629635,17.967436499999998,2.0166065,-3.5228881212800003,3.338442536746915,18.169815,3.9038817,8.26231741675,1.861766298311881,11.412268399999999,2.987786,9.717809099739933,no_fall
-4.049354139481482,3.335236166199789,16.4166612,1.4190491,-3.046441194548148,3.183428364103583,15.591577,3.087180299999999,8.496036109876542,1.6066224655770147,10.3871995,2.492018,9.892456847472314,no_fall
-3.827386006156171,2.812581271086743,13.0648312,2.3830446,-3.7080724055667504,3.547697874322069,15.849041,3.087180299999999,8.436172772544081,1.6666627908246234,10.3871995,2.492018,9.978361371150063,no_fall
-4.093027142378517,2.632220293280662,10.6338864,2.3830446,-4.282680825925831,3.369245487056567,13.778547,5.655839199999999,8.087037650639385,1.7078112084918444,10.3871995,2.2453304999999997,10.024689731251486,no_fall
-5.3755264158823515,2.3692426483061033,9.296268784,2.3830446,-4.022410796411764,3.5291634217336907,13.778547,5.655839199999999,7.607932679539641,1.7185345321015169,10.3871995,1.8992506999999996,10.146758719874347,no_fall
-6.52033494625974,2.967393476796264,11.357182784,2.3830446,-4.295890541405195,3.0957919068721336,12.7295283,5.655839199999999,4.926828887064936,4.445036465685306,17.4249643,1.8992506999999996,9.232718247491805,no_fall
-7.65187717507888,2.4599802618964643,11.405082784000001,1.7076495000000005,-3.9846908937582697,2.567806388763677,12.0218003,5.655839199999999,2.1116941954707373,5.289542672012089,16.1663823,1.8345846999999997,8.881905099497406,no_fall
-9.125885792982455,2.0033739462795976,13.3701963,1.7076495000000005,-3.384603781325815,2.0406417188294377,10.1405128,4.117038600000001,0.033323183649122914,4.515622459398422,16.1663823,1.6621435,9.733367592857702,no_fall
-9.984429276,1.4921406928044127,8.110733,1.7076495000000005,-3.3192276288475,1.6080059348882942,8.260422256,4.117038600000001,-2.0917651565825004,1.8805047580280945,10.6338868,1.6621435,10.72760837697961,no_fall
-10.069782739259258,1.7048074828046307,8.110733,1.202300000000001,-2.7813746183679013,1.2442031177371382,6.552773460000001,1.35558106,-1.8524145557925926,1.5775703258885438,6.084547059999999,1.712439,10.609807202305664,no_fall
-10.626870202222221,1.6222084589328978,7.4892259999999995,1.202300000000001,-2.4012110961209876,1.033377023738108,5.95282126,1.35558106,-1.0968686797217284,1.4206146868441991,7.6664575,1.712439,10.949854150789754,no_fall
-10.31966311580247,1.7307636607863535,9.2842932,1.0406359999999992,-2.6402547455555556,1.6754965184950175,10.9943378,1.4022837,-1.0188649614333332,1.8124402798633483,8.0795985,1.712439,10.70067650920815,no_fall
-9.814846358663367,2.012943686308311,9.5573254,1.2729530000000011,-3.2266900698762377,1.9628915621108562,10.9943378,1.4022837,-1.725967267256188,2.2892494158144014,10.433903,1.712439,10.474812688484947,no_fall
-7.602013863116751,4.385616448064131,18.1171255,4.1373961,-3.986695417081218,2.0754988326345285,11.6721278,4.562512000000001,-3.476857154133249,3.6709425033781278,14.808406,5.374423999999999,9.261365492941264,no_fall
-3.526000623015229,6.286999096710806,25.723707,4.1373961,-4.672990082791878,3.082312718048486,16.396303800000002,4.562512000000001,-4.06852120351066,3.6575421689729994,16.751964,5.374423999999999,7.128981799022275,no_fall
-0.6672226461738581,5.643373036587736,24.941733,4.1373961,-4.446368965324873,3.5753064096304192,22.8341164,5.623506,-1.397451351411167,7.030867942798921,25.612339,5.374423999999999,4.7083174611460015,no_fall
1.5196490135824874,3.7154523821639778,20.708536,4.1373961,-3.877527502312183,3.6926082982102097,22.8341164,5.623506,2.0083302523959388,8.029883233862524,25.612339,5.374423999999999,4.623628776011145,no_fall
1.819993081411111,3.3674365685590364,18.964962,2.70277956,-3.4491740772864197,3.710031022550406,22.8341164,5.623506,6.068397015911112,5.5944584296008735,22.897584000000002,4.5038345,7.213502545541092,no_fall
1.0650415257814814,2.700196285151067,18.964962,2.70277956,-2.992402459928395,2.7858525630741364,22.8341164,5.623506,8.936657625901235,1.4777347184367837,13.70669681,4.5038345,9.48433632134601,no_fall
0.9382444634222223,1.8381047004701276,11.6242275,2.70277956,-3.1447404790444446,1.916339120506574,11.6721274,4.1445811,8.795117866419753,1.2109998815635283,7.497607999999999,2.7674449999999995,9.387427423841906,no_fall
1.1011057921037037,1.1778925843143577,10.4542604,2.6297315000000006,-3.3742247452839504,1.6902072841800817,11.6721274,4.1445811,8.72815489111111,0.9363153868744285,7.497607999999999,2.7674449999999995,9.422235106402177,no_fall
1.1610805694851485,0.9974313728335713,9.849517800000001,2.6297315000000006,-3.232066997277228,1.5107981247531719,11.7308056,4.1445811,8.760842133168318,0.8195087633637781,7.497607999999999,2.5758430000000008,9.409926675911018,no_fall
0.8817176036081426,1.0583737141075984,9.849517800000001,2.6297315000000006,-4.537824612086514,2.953665606172684,15.1724486,3.3817674,7.527345276208652,2.635136629184813,12.848081599999999,3.28596687,8.833470725022602,no_fall
0.6374682727804072,0.7910227691622451,4.6583131,1.1699670600000003,-6.236112860941476,3.454566483692379,15.1724486,3.3817674,5.7491651691348595,3.399800956577656,11.4386136,3.28596687,8.505784476178242,no_fall
0.3410015448697969,0.8413747000296754,4.6583131,1.1699670600000003,-7.836592054949239,3.2119831168669877,15.1724486,3.3817674,3.962362263959391,3.1094018022309045,11.4386136,3.28596687,8.787990202551805,no_fall
0.06412452062614213,0.7085549648220337,4.6583131,1.1699670600000003,-9.505875094162437,1.1327181587177724,8.29515,2.3219710000000005,2.4509104035532996,1.389190518833594,10.225535599999999,3.28596687,9.81696160052636,no_fall
-0.08246259293654322,0.47638046229588465,2.53512825,0.57240967,-9.413766229382716,0.8046864700245049,4.7732743,1.0909309999999994,2.64978455617284,1.1670276818991832,5.75762706,0.9508227000000002,9.779936241859268,no_fall
-0.14703941736592593,0.5909478971352538,3.4799633,0.65384035,-9.193761494320988,0.8992909627636563,5.997128999999999,1.5160464999999999,3.266221192666667,1.2793955694680712,6.010301940000001,0.9879456000000006,9.757821062314243,no_fall
-0.14324469766113862,0.6106647465534711,3.4799633,0.65384035,-8.91775742920792,0.9503713538309946,6.7371896,1.5160464999999999,3.9393832668316824,1.13342994031552,5.2127604000000005,0.9879456000000006,9.750161902891385,no_fall
-0.2318604185824258,0.7475970611983933,4.2798998,0.7472460999999999,-8.65140929950495,1.1347121321505296,7.7083699999999995,1.7687209999999993,4.5015399964356435,1.1809909878514369,7.3084019,1.4465919999999999,9.755229595492654,no_fall
-0.31512587899826733,0.8322138668929666,4.2798998,0.7472460999999999,-7.9726702289207925,1.965849450884019,12.675640746,2.2153932000000003,5.266858407821782,1.6292862216523127,8.6556002,2.1351595999999997,9.560469255574088,no_fall
-0.27131135868271605,0.7894198618148021,4.2798998,0.7472460999999999,-6.7512022672444445,2.859165765685456,13.1031521,2.4465125299999997,6.325858632246913,1.9521292524371572,10.263856200000001,2.1351595999999997,9.25574574746787,no_fall
-0.20206276833728393,0.8666792011566226,4.2798998,1.40587645,-5.7996669291209875,3.0114321468285175,16.8836904,3.7314404,7.204132992246914,1.7949951465677896,10.263856200000001,2.1351595999999997,9.250756618843038,no_fall
-0.1059071706380247,0.7723836859170606,3.8954991999999997,1.40587645,-4.351954506355556,2.857957312955077,16.8836904,3.7314404,8.230440275555557,1.2394036468323564,6.3911094,2.1351595999999997,9.310793278967589,no_fall
-0.023347004693827167,0.6237943545524373,3.4847534,1.40587645,-3.2928620924444445,2.5401337541865345,16.8836904,3.7314404,8.800233165185185,0.9489631590138689,5.886957999999999,1.3891115999999997,9.39614759378071,no_fall
-0.07949212042227723,0.5419816971149269,3.4847534,1.40587645,-2.82020071730198,2.0474686559680118,16.8836904,3.7314404,9.000682013366337,0.8481645024310641,5.886957999999999,1.3891115999999997,9.432503792144274,no_fall
-0.17980134912153464,0.406140936340039,2.5411156999999998,0.5855823000000001,-2.195595624009901,1.1728727634959655,8.9118676,1.4885045000000001,9.289003230445545,0.4736922190547056,3.7529953999999988,0.7999375000000004,9.546651228810294,no_fall
-0.21889826474133664,0.3167567749655373,2.6081762,0.5855823000000001,-2.040097202029703,0.7063925295771083,6.096522299999999,1.4190490000000002,9.311465411138613,0.39828306517297213,4.824767,1.1927199999999996,9.534846676631302,no_fall
-0.30521974853465345,0.31957214544608825,2.2884411,0.6167176,-2.187467971089109,0.7333567073217135,5.59716031,0.9675878999999998,9.314088667574257,0.45639373252060794,4.396058,1.1927199999999996,9.572378122852829,no_fall
-0.27422382328444445,0.35908881663008396,2.2884411,0.6167176,-2.274641714222222,0.9329176055786998,6.05221431,1.1867320000000001,9.281170791851851,0.4850892540564552,4.396058,1.1927199999999996,9.559776404333967,no_fall
-0.6401796267941773,1.7654038683284707,14.400053999999999,7.828121599999999,-2.8186742364202533,3.4728764936255554,29.013267,4.1457787999999995,8.237609011458227,3.301540777616681,22.861659,4.2787023,8.730003243486191,no_fall
-2.864895893982776,4.0874245652545875,16.731606,7.828121599999999,-3.178671159475578,4.140788546220786,29.013267,7.367081000000001,6.8589387895527,3.848386216082134,22.861659,4.2787023,8.084344138040628,no_fall
-5.05059133546581,4.525173864054651,17.165104,10.39438466,-2.961687928678663,4.69745186937987,35.640286,13.1390765,5.404660151660669,4.431313997548182,48.509924,46.33404899999999,7.968087573546863,no_fall
-7.213632263737533,3.58902993168906,17.165104,10.39438466,-2.9011544187585305,4.865993826922444,35.640286,13.1390765,4.052552192377952,3.9950240125911733,48.509924,46.33404899999999,8.767916894557372,no_fall
-9.040175812890025,1.2459325791423386,12.83371166,10.39438466,-2.725379093071612,3.5742513187541474,33.766182,13.1390765,2.710169798352941,3.5246356564561583,46.33404899999999,46.33404899999999,9.82331360920632,no_fall
-8.896191470377834,1.2509143891144687,12.83371166,10.39438466,-3.000485900607053,2.9760312855345292,29.095894,13.1390765,1.6509828854559196,3.871207803237729,46.33404899999999,46.33404899999999,9.532622032024213,no_fall
-8.633904554475704,1.8352212754724573,11.0242748,4.018842000000001,-3.958872343769821,2.8828459556429094,22.9466815,8.690328300000001,1.095899072790281,3.3465084660746847,15.736476,5.5205202,9.561274646604629,no_fall
-7.460449750753768,2.776959595868308,12.0373682,4.018842000000001,-3.801675282276382,2.839067491639036,22.9466815,8.690328300000001,2.2253462428668342,4.491047628424464,18.67277,5.5205202,8.663902777388184,no_fall
-5.790486272035175,3.064278400305085,13.918656,2.7159525,-3.033394539110553,3.2277984969354283,22.9466815,8.690328300000001,4.649834126570353,4.88526066332748,18.67277,4.10626112,8.021980497430283,no_fall
-3.908512423000754,3.0127086807234047,15.6538477,3.21052376,-2.7899991747638193,3.372553554968981,24.125031,8.690328300000001,6.966383673605528,3.7166725903405475,19.712208,6.9647179999999995,8.461150409005366,no_fall
-2.326866518722557,1.8555631463099684,11.324849700000001,3.21052376,-2.9074606658972426,3.4855097418687655,24.078328,4.605623,8.200168714962405,1.9861936349870815,14.5916566,6.9647179999999995,9.00613137110157,no_fall
-1.715321412488191,1.7237405851154814,10.3189417,3.21052376,-4.330074939949749,4.415414713721275,27.203829,6.1839404,7.112103773030152,3.10033611743123,16.884888,6.9647179999999995,8.501405566850169,no_fall
-2.548096630255216,2.853814668807375,13.5929337,3.21052376,-6.297149266768447,4.084925110333072,27.203829,6.1839404,4.788469823170484,4.250822721613624,16.884888,6.9647179999999995,8.311217033172383,no_fall
-2.647675581912371,3.269762494211221,13.940211999999999,3.15424068,-7.403434357860825,3.619149546903775,27.203829,6.1839404,3.385387902803351,3.778678412788034,16.884888,5.975574000000001,8.56048348696827,no_fall
-2.7526695948888884,3.861789573363907,14.119838000000001,3.04406977,-7.948648987002584,3.0255581576649995,24.025638999999998,6.1839404,1.9090781220095607,3.0878473643201394,16.884888,5.975574000000001,8.625705182368483,no_fall
-4.7799387334755785,4.575913263650271,16.893271,1.8369800000000005,-7.28131499151671,2.521127224829107,13.5414405,2.8009759999999995,0.021148828333418968,3.1071681408996272,13.8635705,2.6979894200000003,8.71009813804678,no_fall
-3.826450976476142,4.7554291858988496,16.893271,1.8369800000000005,-5.72099653535533,3.969335158841251,18.951789599999998,2.646497,1.1898110729484772,4.426928732232442,20.372036,2.6979894200000003,6.9847819452173106,no_fall
-3.3048628367922306,4.742676875202082,16.893271,8.7130813,-3.5669734214949873,4.59065720463876,20.441492,6.4677501,2.722696042506266,5.581062353134431,27.306815,11.078163300000002,5.573014579161025,no_fall
-3.069938993340247,4.2848871678316796,14.4719062,8.7130813,-1.0378063202037038,4.257998979242201,21.427042,6.4677501,4.775615730271605,5.961394074194525,27.306815,11.078163300000002,5.771314666893781,no_fall
-0.8979900463237624,2.35376409933557,12.382251199999999,8.7130813,1.0088278687561878,3.9214513109018836,21.634211,6.4677501,7.832612015742575,3.7157406850876344,27.306815,11.078163300000002,7.948202990691083,no_fall
-0.28180309901856426,1.1953390909398365,9.0639515,8.7130813,2.442445655835396,2.4178435758837886,13.994098999999999,6.4677501,9.015754622772278,1.4713778381781621,13.964162000000002,11.078163300000002,9.344987168871093,no_fall
-0.22657537203712866,1.1820176455947864,8.1322887,3.1326855,2.9233792151368814,2.4165018194331727,15.291002500000001,3.6356396999999996,8.932086023019803,1.4081085032760623,8.152647,3.0021569999999995,9.401044790731177,no_fall
0.4196695131992592,1.3888390297772473,7.2748718,3.1326855,1.5821469470303704,3.561166401180635,17.132773,3.5937263999999995,8.828452988395062,1.360526099840425,8.152647,2.8620490000000007,8.978913833566292,no_fall
1.5738522201460758,2.0001557496042737,9.2148378,2.3902295000000002,-0.7818889868675949,4.795674107727639,22.719156,2.9782070999999997,7.790043547949367,2.367420582158877,12.45170686,2.8620490000000007,7.9858086426855435,no_fall
2.4324667229012658,1.7289854579317674,9.2148378,2.0106194,-3.1928854130701265,4.349141810753241,22.719156,2.8416907,7.165740774278481,2.161353981381136,12.45170686,2.1207899999999995,8.213358172098376,no_fall
2.946680447265823,1.2429063846302875,9.2148378,2.0106194,-5.419001489807596,2.10455437369035,14.094690530000001,2.604584000000001,6.717953980607595,1.8038829471077347,11.37873786,1.8106345999999998,9.120274584155737,no_fall
3.116303370050762,0.9106693416326499,4.5972402,2.0106194,-6.095166646192893,1.334724091542748,12.2708832,2.604584000000001,6.335659444010153,1.3891479173626884,8.54303486,1.8106345999999998,9.327538996408812,no_fall
2.923408146666667,0.8950952120288235,6.6964744,0.6406677000000001,-5.493568644404937,1.5736374655928373,9.133406256,1.3471987000000003,6.959974059254321,1.8202904750947768,11.684102002,2.1914427,9.336318897096392,no_fall
2.978945991012346,2.184428212814307,16.7244214,0.9711805999999994,-4.285810564920988,2.5174837023486054,11.359576800000001,1.3471987000000003,7.245761987896297,2.026567710880214,11.684102002,2.1914427,8.929913672651029,no_fall
3.3987160300641976,2.7408506213455155,16.7244214,0.9711805999999994,-2.6270998816123456,3.212668707059296,14.256353,1.3471987000000003,7.334575806661728,2.2137151624680955,11.684102002,2.1914427,8.499936864744965,no_fall
4.3090688651259255,2.9056169616948226,16.7244214,0.9711805999999994,-1.1420399280814815,3.0838811420674386,14.256353,1.5890954400000001,7.0932524523407405,2.2990165037884385,11.684102002,2.1914427,8.377741941261256,no_fall
4.941528586268355,2.96162925395163,16.7244214,1.468147,-0.335554363643038,2.989086196301839,13.564193,7.5443115,6.774058063594937,1.9780679902500458,10.824291299999999,4.5984376000000005,8.391612726337101,no_fall
5.126563550926582,2.276547279443305,11.796668,1.468147,0.6137555822784809,3.1489245255801577,15.9436447,7.5443115,6.82988020992405,1.8717429459091564,10.662627299999999,4.5984376000000005,8.561869739629255,no_fall
4.892118432911393,1.8703836080149183,8.81846129,1.468147,0.36407630992405066,3.4731776668500838,15.9436447,7.5443115,7.061536212202531,1.8658456932100975,11.2613823,4.5984376000000005,8.59829448189157,no_fall
3.8099485659240506,2.056680692385857,8.81846129,1.468147,-0.5607832219240505,3.6621370361932155,15.9436447,7.5443115,7.617714311949366,1.9084188925649914,11.2613823,4.5984376000000005,8.53579271277463,no_fall
2.837279109975309,1.5742118727258865,8.031697789999999,1.4477894000000004,-1.4228190163209877,3.4914994253861305,15.0934127,2.3974145,8.245871884691358,1.1656129422337702,7.982599399999999,3.957769399999999,8.835664651844269,no_fall
2.1900383847901232,1.0375165905660513,5.4690270000000005,1.1927197999999999,-3.1004089571358024,2.554433288645945,13.319901,2.1267774,8.363310614074074,0.9597111935592334,7.096442399999999,2.0501369999999994,9.18443075295503,no_fall
1.7581365270123457,0.551256242200132,4.7313613000000005,0.9951305000000001,-4.077112703703704,0.8276552273981654,5.6115308,1.0190807999999998,8.400445249382715,0.7097687748862933,7.096442399999999,2.0501369999999994,9.501651037277352,no_fall
1.668376515802469,0.42831147041872286,4.2619375,0.9951305000000001,-4.279938337530864,0.3737881456553928,4.8523096,1.0190807999999998,8.382438265925927,0.4518834594058957,5.847439399999999,2.0501369999999994,9.558588999094317,no_fall
1.5662686690594059,0.053751621396540966,0.28620480000000015,0.1963916000000001,-4.20988114480198,0.10649519696526422,0.7496410999999998,0.18441669999999988,8.391528925742573,0.07709847949335978,0.5161259999999999,0.2514769999999995,9.518090906721298,no_fall
1.5540445836633663,0.05618888848525319,0.28620480000000015,0.1963916000000001,-4.180070860148515,0.09556887846647917,0.6334826000000002,0.19998399999999972,8.409458993811882,0.06715746706111762,0.41194300000000084,0.2514769999999995,9.518773425840104,no_fall
1.5582921893564357,0.07346142514718351,0.6981482000000001,0.3185376000000002,-4.109059123762377,0.22429579275733977,2.0369642999999997,0.6358773999999991,8.436275510396039,0.11209715752387965,1.2406202999999998,0.5436699999999988,9.512275538339502,no_fall
1.5640275901234568,0.07488774968362007,0.6981482000000001,0.3185376000000002,-4.048064960493827,0.23132984406933532,2.0369642999999997,0.6358773999999991,8.460459721481481,0.11390569186510119,1.2406202999999998,0.5436699999999988,9.508543049587344,no_fall
1.5731611881481482,0.07388924950572455,0.6981482000000001,0.3185376000000002,-3.9718649044444443,0.22306051054921358,2.0369642999999997,0.6358773999999991,8.490075181975309,0.11240271299501865,1.2406202999999998,0.5436699999999988,9.504310787145286,no_fall
1.583586915308642,0.06893940337734919,0.6981482000000001,0.3185376000000002,-3.8966938224691363,0.1836543154997153,2.0369642999999997,0.6358773999999991,8.52159185728395,0.10256603501198713,1.2406202999999998,0.5436699999999988,9.503130960190646,no_fall
1.5670494523456793,0.05732099067977944,0.3772156,0.19399659999999996,-3.889680255802469,0.062162655225753406,0.39637560000000027,0.2023790000000001,8.53386558148148,0.06424781846341322,0.4370919999999998,0.3305125000000011,9.508528710650806,no_fall
1.5553399128712873,0.05616551834236893,0.34847530000000004,0.19399659999999996,-3.868988056188119,0.06332397156196053,0.39038830000000013,0.2023790000000001,8.543586011138613,0.06306287878538568,0.4370919999999998,0.3305125000000011,9.50689290742355,no_fall
1.543264033910891,0.05267557312195018,0.3472778000000001,0.18441649999999998,-3.8491046504950495,0.07280574421910976,0.4263134000000002,0.2035768,8.554455482673266,0.06251333221260502,0.4370919999999998,0.3305125000000011,9.506628166382875,no_fall
2.1352310501732674,1.5510996831541144,7.6461,1.9962486000000004,-3.328567314257426,1.7550646607325888,11.7296081,2.0752846,8.277670671039603,1.3847359830081691,10.012379099999999,2.1399498,9.173788952300798,no_fall
3.8658098856049383,3.0550691306473396,10.872192,1.9962486000000004,-2.6927470720740745,1.9817873600840101,11.7296081,2.0752846,7.077004796049382,2.390908073216745,10.012379099999999,2.1399498,8.501727456764907,no_fall
5.552282103876543,3.1682492153834616,10.872192,1.9962486000000004,-2.128223228962963,1.9067288062434078,11.7296081,2.0752846,5.90143753654321,2.535988705813119,10.012379099999999,2.1399498,8.37759724927419,no_fall
7.254384032271606,2.2577545020183765,10.872192,1.9962486000000004,-1.268689158922716,1.7866241766158335,11.7296081,2.0752846,4.715453434074075,2.108296661485971,10.6841821,2.1399498,8.74477906859666,no_fall
8.337567344444444,0.37360391538182375,4.724177000000001,1.6226269999999996,-1.3344931293118862,1.5119254714728274,8.395741000000001,1.75554937,3.5980093692506454,0.7974434749188364,4.858296999999999,1.2454104999999998,9.178320791764822,no_fall
8.113457495336787,0.8613228544109508,10.3872,3.576962,-0.6269832295691711,3.080166940641795,15.958016,2.565066,2.964137592542228,1.8234375477599785,9.772877,1.7519567900000002,8.660681968893657,no_fall
7.7802085233160625,0.9810343958504986,10.3872,3.576962,1.4311172420370464,4.193377466846031,15.958016,2.565066,1.7384801480142487,2.3519251966051615,9.772877,1.7519567900000002,8.099509519210114,no_fall
7.707799520207255,0.9521943439005752,10.3872,3.576962,2.441747232279793,4.13877622225577,15.958016,2.565066,1.2878441942681347,2.147124690035402,9.772877,1.7519567900000002,8.187236753555094,no_fall
7.740255519554455,0.9350364468232261,10.3872,3.576962,3.3103112257425744,3.165209842094551,15.744859000000002,2.565066,1.5244832878403467,2.225742896441727,9.772877,1.7519567900000002,8.555335482269237,no_fall
7.931571367901233,0.5877015129863467,2.6692492999999997,0.8562192,3.596727971604938,1.7965724014015048,5.6749989,0.6694079999999998,1.9838892972004936,1.893321936000134,6.1815453,1.11488153,8.932082243765038,no_fall
8.223890884938271,0.20688229246033948,1.1999046999999994,0.3125499999999999,2.5717542274074074,0.9317493327791826,5.0331336,0.5903719999999995,3.097709393466667,0.9515990444743067,5.157674559999999,0.43349860000000007,9.156533436837888,no_fall
8.277693085432098,0.12599971373170415,0.8681942999999999,0.3676360000000001,2.177974578024691,0.43583700666592845,2.4441173999999997,0.5903722999999998,3.455673150370371,0.3522409491584922,2.0166068,0.36524060000000036,9.230679985858186,no_fall
8.258322988641975,0.15506913869596628,1.3100750000000003,0.5795950000000003,2.22315470162963,0.5238721399477212,2.92072635,0.9711804000000002,3.477704369382716,0.4388920564847573,3.1207104,1.1723621999999998,9.23237472663096,no_fall
8.063852881435643,0.8101896515123276,7.896379,1.3879139999999999,1.8979077397400992,1.4859857591123857,9.3357866,1.01908084,3.5795137828465347,1.1448993930945965,11.336825600000001,1.4897020000000012,9.02444990033141,no_fall
6.494163614975247,2.787955382669098,10.0698592,1.5962806,2.2796673368935645,1.8655634968493626,11.4972911,1.3950988500000001,4.841807634579207,2.5470381179879316,12.527149600000001,2.145937,8.415114104706914,no_fall
4.832260154665842,3.3341921040440488,14.457535,6.6689319000000005,2.7448613474133663,2.0827642249931784,11.4972911,5.4666321,6.04644318730198,2.825276327482993,12.645703600000001,6.0749664999999995,8.212458659632059,no_fall
3.1028305902592597,2.88785338649355,14.457535,6.6689319000000005,2.3933400667044444,2.2340697860758,11.4972911,5.4666321,7.480331971530864,2.6464534513253,12.645703600000001,6.0749664999999995,8.4445841076425,no_fall
1.3375533634501233,1.239537607751157,13.063634,6.6689319000000005,1.830232532637037,2.3868632101538694,9.7429392,5.4666321,8.929587857037037,0.9456747463290476,9.1968755,6.0749664999999995,9.212835579784489,no_fall
0.8783867197696296,1.2317433149101358,13.063634,6.6689319000000005,0.4398734222666666,2.3754191821406083,10.2866088,5.4666321,9.100982558518519,0.7734099233106217,9.1968755,6.0749664999999995,9.153848119099559,no_fall
0.4639211970587655,0.5653336498267755,2.42615476,0.64306274,-1.0071086744,1.2858516396385247,5.4546568,0.6658154000000001,9.351164524691358,0.2736016307398687,2.1183949999999996,0.6610250000000004,9.416675035647046,no_fall
0.12103148194009902,0.25930767132486143,1.42623416,0.64306274,-1.7167073181987627,0.6381166538696555,4.792434,0.6167172999999999,9.368619842821781,0.18904895610342828,2.1183949999999996,0.6610250000000004,9.525375078982025,no_fall
-0.010149191703712875,0.09629472026896274,0.87777466,0.64306274,-1.9254208191831685,0.20705126889382053,2.5291405,0.6167172999999999,9.360006086633662,0.08576308192102085,0.714913000000001,0.27183399999999835,9.55599614267688,no_fall
-0.051309143669554455,0.06134105235672332,0.33889526999999997,0.19998413199999998,-1.927116300742574,0.07710355764987513,0.40595570000000003,0.20836670000000002,9.365750592821783,0.062221304233542066,0.37721550000000015,0.27183399999999835,9.562096738255342,no_fall
-0.07289434145777778,0.05592465055455852,0.33889526999999997,0.19998413199999998,-1.8950665943209877,0.06417361935943766,0.40595570000000003,0.20836670000000002,9.37359199382716,0.06234539406568879,0.39996799999999944,0.27183399999999835,9.563514931690573,no_fall
-0.08637445753975306,0.050992281400748525,0.26345215,0.19998413199999998,-1.8634168555555555,0.0608125491325537,0.38080819999999993,0.18441649999999998,9.379940254320987,0.06244425135673601,0.39996799999999944,0.27183399999999835,9.563632264945944,no_fall
-0.09579191123407407,0.05202307926244409,0.311352552,0.19998413199999998,-1.8389994841975312,0.06531995723760027,0.37482039999999994,0.1927991,9.386140688888888,0.06034326319628799,0.41074500000000036,0.25387199999999943,9.565078788214567,no_fall
-0.10533946440222221,0.06293580807823528,0.48499147,0.23590941999999998,-1.8344607745679014,0.06930335239554976,0.44667119999999993,0.1963916000000001,9.387134160493828,0.07453397371717939,0.502955,0.25387199999999943,9.56528256160261,no_fall
-0.13158972446559405,0.07429008664801362,0.51612669,0.23590941999999998,-1.801594158910891,0.07609087749181101,0.4562514,0.1963916000000001,9.389718504950496,0.07500373132105242,0.502955,0.21794700000000056,9.561896829145175,no_fall
-0.1625827002175743,0.0794562546354148,0.54965699,0.23590941999999998,-1.7729280304455448,0.08725034298246173,0.5053493,0.21435420000000005,9.395634933168317,0.07505458962980217,0.502955,0.22752699999999848,9.562827130766422,no_fall
-0.19652761533802468,0.07589463615061277,0.54965699,0.23590941999999998,-1.7518887837037036,0.0874853390384495,0.5053493,0.21435420000000005,9.398736692592593,0.07346148904474194,0.502955,0.22752699999999848,9.56263503594818,no_fall
-0.23042157712098765,0.057545041037892444,0.350870367,0.21195924,-1.7043757375308641,0.05994354415129077,0.3400928000000001,0.21435420000000005,9.407420846913581,0.05582282529845658,0.33650100000000016,0.22752699999999848,9.563344485525503,no_fall
-0.2533398445481481,0.057024780261351354,0.32931520000000003,0.21195924,-1.6748253343209876,0.05963759535928783,0.3341052999999998,0.21435420000000005,9.41477447037037,0.054098213773051386,0.34608099999999986,0.24908199999999958,9.56593954116671,no_fall
-0.27420312592592594,0.05594671797793387,0.32931520000000003,0.21195924,-1.6556415212345679,0.06001569083142516,0.3341052999999998,0.1975891999999999,9.419058877777777,0.05513517322992024,0.34608099999999986,0.24908199999999958,9.567392870795462,no_fall
-0.29753671554455446,0.05603817824375442,0.34129028,0.19160155,-1.629502519306931,0.05320239752295935,0.2814148999999999,0.1975891999999999,9.424271409653466,0.053031962073893005,0.3365009999999984,0.24908199999999958,9.568735452521215,no_fall
-0.3230223319554455,0.05630235692177266,0.29338989000000004,0.18082395,-1.601693021039604,0.05641228825350074,0.30776000000000003,0.1975891999999999,9.429354912128712,0.05448122322487341,0.3365009999999984,0.24908199999999958,9.569874503851906,no_fall
-0.3494505421039604,0.05732422493383782,0.28380983,0.16525635,-1.5758309586633665,0.06197140277773048,0.30776000000000003,0.1484913000000001,9.431364576732673,0.05477277588039717,0.3293159999999986,0.2323170000000001,9.568489780049228,no_fall
-0.36924104841975314,0.05040873044200832,0.25027955999999996,0.16525635,-1.562123395308642,0.056473383276783036,0.3041674999999999,0.1484913000000001,9.432941103703705,0.052648522216213224,0.2909949999999988,0.20597199999999916,9.568539403689133,no_fall
-0.37166859280123454,0.0652210071577963,0.48499144250000004,0.16645387,-1.5528153441975312,0.07268655912945561,0.6239025999999999,0.2335144,9.435208988888888,0.06088456523772976,0.4083509999999997,0.26824200000000076,9.56935429901411,no_fall
-0.3450750051493828,0.09337061411478695,0.48499144250000004,0.17723145,-1.5374369530864198,0.08195593800132212,0.7161108999999999,0.2335144,9.43691507654321,0.06214540886870268,0.4083509999999997,0.26824200000000076,9.567557436764258,no_fall
-0.33582017648271606,0.0908895095299436,0.4897815025,0.17723145,-1.5210828155555556,0.09212629821449207,0.7173082999999998,0.2335144,9.439342620987654,0.062349798175266466,0.4083509999999997,0.26824200000000076,9.567008792674196,no_fall
-0.3371286398403465,0.09243214865110959,0.5065466024999999,0.17962646,-1.4915043376237624,0.0926711835483013,0.7173082999999998,0.2335144,9.443733941831683,0.0646210411688915,0.4083509999999997,0.26824200000000076,9.566731504179204,no_fall
-0.3477461646064357,0.08507681400389476,0.49936158399999997,0.17962646,-1.4578792123762379,0.06560508723929366,0.3712280000000001,0.23111940000000009,9.44708044430693,0.0558095178464489,0.35685699999999976,0.28860000000000063,9.565232256149542,no_fall
-0.2843759631757426,0.43071973801950675,3.0344898999999996,0.4694236999999999,-1.5450810432920794,0.44988363542474097,4.09428578,1.44180173,9.413505685396041,0.26762506874971864,3.433261,1.102905999999999,9.543701294977556,no_fall
-0.004499552683168376,0.6589198031826705,3.1757958000000004,0.4694236999999999,-1.3726426022695544,0.723682063130381,4.164938627000001,1.44180173,9.400742126485149,0.43171434851483975,3.6979103999999996,1.1651779999999992,9.500427384502878,no_fall
0.2066016220989583,0.6561656613057832,3.1757958000000004,0.4694236999999999,-1.1391249261533856,0.8451069375079788,4.164938627000001,1.44180173,9.406657491145834,0.4448511153414869,3.6979103999999996,1.1651779999999992,9.477631296023702,no_fall
0.427191019010582,0.5571706777158475,3.1757958000000004,0.4694236999999999,-0.8453246771346562,0.8952279553154392,4.164938627000001,1.44180173,9.417191442063492,0.45053556678634255,3.6979103999999996,1.1651779999999992,9.464700768274188,no_fall
0.5576625583306878,0.27744830374391455,2.4956102440000003,0.41553569999999995,-0.4322883533515873,0.5139295605905916,4.164938627000001,0.6945556999999998,9.464252300793651,0.36006429357866987,3.3973353999999993,1.1651779999999992,9.490518023927107,no_fall
0.4696544835620053,0.07164349472886501,0.41433835,0.26345212,-0.2800055878759894,0.11528011905994065,0.70413574,0.258662096,9.493339234828495,0.07669562093023698,0.4406850000000002,0.27902000000000093,9.509072945913589,no_fall
0.47123659907268167,0.08385773551503625,0.5125341999999999,0.26345212,-0.2743077696967419,0.10353175844495337,0.70174074,0.258662096,9.486753378446117,0.07962823433557752,0.5304969999999987,0.2586630000000003,9.502410133659797,no_fall
0.4693292095308642,0.07974785789303523,0.50894168,0.18561399000000006,-0.2667815214691358,0.09772495525960496,0.70174074,0.258662096,9.485507343209877,0.07780401372064816,0.5304969999999987,0.2586630000000003,9.500857426843366,no_fall
0.5771967503209877,0.2949249701393771,1.3028905800000001,0.2969824099999999,-0.24455219222222221,0.125785447000952,0.95561278,0.35326539,9.467665938271605,0.13112860063349607,1.2058910000000012,0.45026400000000066,9.488396080582332,no_fall
0.7080276492574257,0.3358080794775286,1.2813354000000001,0.2969824099999999,-0.22446787052103961,0.1372575689578098,0.95561278,0.35326539,9.448873699257426,0.13532146139311207,1.2058910000000012,0.45026400000000066,9.478022112314783,no_fall
0.8080048928960397,0.32131829217187197,1.2789404000000002,0.2969824099999999,-0.18032007228490096,0.13240372778229687,0.95561278,0.35326539,9.440171012376236,0.13842866064815135,1.2058910000000012,0.45026400000000066,9.476403113962668,no_fall
0.8976965952970297,0.25049320243990497,1.2478051300000002,0.2969824099999999,-0.14646967241113862,0.12886245384907663,0.95561278,0.35326539,9.429476441831683,0.13727821952859148,1.2058910000000012,0.45026400000000066,9.473243294099587,no_fall
0.8494365490370371,0.1613129933518287,0.9412427,0.22153935000000002,-0.14531854964098767,0.11527024637143576,0.74125856,0.32692016,9.444694469135802,0.10361302163966482,0.6777910000000009,0.2874029999999994,9.483929225117304,no_fall
0.8148950437777778,0.11615051872896154,0.6670129499999999,0.2766247700000001,-0.14240904430617282,0.12692638096572956,1.07296878,0.46104127,9.449860038271604,0.1148450815158094,1.0621909999999986,0.5376809999999992,9.485999631625356,no_fall
0.8383839761975308,0.3177640435044654,3.1278954,0.9627978999999998,0.04720849686666666,0.6792271845778366,5.312153299999999,1.8285974,9.412462243950616,0.40491897703676827,4.766088699999999,1.4513820000000006,9.449844539859745,no_fall
0.7285531124365431,0.4647113224057483,3.58773914,0.9627978999999998,-0.22407920911604937,1.0337075382911942,9.4040442,1.8285974,9.406767419753086,0.5981834888064733,5.3313133,1.7866845000000007,9.437598975318203,no_fall
0.7167303435762375,0.6954673295687314,4.184099,0.9627978999999998,-0.41595086660074254,1.151101886589448,9.4040442,2.1327649600000003,9.375303963861386,0.7814982965434658,5.9192906999999995,3.2416587000000003,9.411856454686495,no_fall
0.5095641188551979,0.899194124531695,4.8080015,0.9627978999999998,-0.21995942130891094,1.7483284562161858,10.827883499999999,2.4477101,9.358802631683169,0.929015627786859,7.2389467,3.2416587000000003,9.375245300099994,no_fall
0.2904554023641089,0.80856772165229,4.653523,0.8909473000000001,-0.6521122407851485,1.608611072024663,10.827883499999999,2.4477101,9.403057144554456,0.8490472122883568,7.2389467,3.2416587000000003,9.430116562328427,no_fall
0.21647360411435645,0.7667590717806226,4.653523,0.84663937,-0.7714927012455445,1.5708875129721749,10.521321,2.4477101,9.398527946039604,0.7271174021044594,7.2389467,3.2416587000000003,9.432623673286283,no_fall
0.056291828487901235,0.5049038452573431,4.4224036,0.68617308,-0.9158140704765432,1.5745814016475914,10.521321,2.4477101,9.412187257530865,0.5242703279076756,6.211483299999999,2.1734805,9.456804595235312,no_fall
0.07502324701827161,0.11483396829689432,0.94483519,0.43230100000000005,-1.484300046780247,0.380214263298254,2.583028479,0.41314090000000014,9.4235355,0.13024343471264696,0.9903400000000016,0.4358930000000001,9.540010295394092,no_fall
0.053908636736543204,0.09794234521265764,0.94483519,0.43230100000000005,-1.6120225936049382,0.25416582891827016,2.2489232500000003,0.41314090000000014,9.410040597530864,0.09985237544811308,0.9903400000000016,0.414339,9.54727118241577,no_fall
0.050387071014074074,0.09464525946350223,0.94483519,0.43230100000000005,-1.6046039439753086,0.24879349487006647,2.2489232500000003,0.41314090000000014,9.409662127160495,0.08181946646981515,0.805924000000001,0.414339,9.545629053198383,no_fall
0.13073901791905942,0.4160312638554286,3.317102,1.00710572,-1.7547430705693068,1.0231156899608929,9.9968112,2.0848644800000002,9.33450266460396,0.48047331631292933,4.925358499999999,1.2346328999999994,9.498902880333912,no_fall
0.12075878215569305,0.4456313963050289,3.317102,1.00710572,-1.6653537117079207,1.0757399082266625,9.9968112,2.0848644800000002,9.343276521039604,0.5021351627767214,4.925358499999999,1.2346328999999994,9.491301376374949,no_fall
0.11401537941856436,0.44741768473612464,3.317102,1.00710572,-1.5828944936386138,1.0883170902123942,9.9968112,2.0848644800000002,9.35480996410891,0.5041983652820069,4.925358499999999,1.2346328999999994,9.488467945317977,no_fall
0.08584518802148149,0.4529451927510658,3.317102,1.00710572,-1.4739423316790123,1.096093080377616,9.9968112,2.0848644800000002,9.375185704938271,0.5069031153850819,4.925358499999999,1.2346328999999994,9.490731394128733,no_fall
-0.02281773527851852,0.1702937840895285,1.5711328500000001,0.342487796,-1.242799292765432,0.2571956564080858,2.74708736,1.0585986,9.46565533580247,0.15335942599160585,1.387913000000001,0.5891750000000009,9.546921056934915,no_fall
-0.029816514130864204,0.1679715774846262,1.9232006999999998,0.63587766,-0.9670674915604939,0.8269090763429189,6.1779528,1.28133545,9.462305260493826,0.246622179923634,2.8620479999999997,0.8885514999999984,9.511641782600792,no_fall
0.008459446306913592,0.19092558785803715,1.9232006999999998,0.63587766,-0.9629516058814817,0.8256436103435343,6.1779528,1.28133545,9.462391006172838,0.2481483792362042,2.8620479999999997,0.8885514999999984,9.511266525084983,no_fall
0.060693589971287126,0.1950233513945332,1.9232006999999998,0.63587766,-0.9716428259455445,0.8297679122536765,6.1779528,1.28133545,9.453263616336635,0.24805840923030065,2.8620479999999997,0.8885514999999984,9.503260834736098,no_fall
0.11400055935915841,0.17838568444370317,1.9232006999999998,0.63587766,-0.9862233927772278,0.8341438797187952,6.1779528,1.28133545,9.445699162128712,0.2486287794609361,2.8620479999999997,0.8885514999999984,9.497729484957668,no_fall
0.16452124298564355,0.06250896366690509,0.391585704,0.19998415,-1.3094146797029702,0.09868332287555344,0.5903723000000001,0.19040400000000002,9.438955753712872,0.06936514703719673,0.4490660000000002,0.31015499999999996,9.53076700813552,no_fall
0.17685001646222223,0.07535277066801084,0.597557404,0.24908202999999998,-1.3644307975308643,0.12490288604697732,0.6969506999999999,0.2885998999999999,9.428837085185185,0.06916800601185114,0.5077429999999996,0.30536600000000114,9.528689107560224,no_fall
0.20235253900296296,0.10980216125689216,0.730480934,0.31255004000000003,-1.442428598271605,0.2017533171923055,1.0597962,0.4598438,9.415623085185185,0.1003213339138576,0.8789729999999984,0.30536600000000114,9.52761800732087,no_fall
0.17709247536814812,0.20678563571807684,1.7280066,0.5376818999999999,-1.4287148952345676,0.32713434252625745,2.0058289,0.537682,9.417441517283951,0.17979949301471887,1.8010539999999988,0.5316939999999999,9.526845896106463,no_fall
0.15800032588716048,0.21767325946621824,1.7280066,0.5376818999999999,-1.3363292356049383,0.37162533519598345,2.0058289,0.537682,9.427896811111111,0.1880701978746622,1.8010539999999988,0.5316939999999999,9.523443610893697,no_fall
0.1996432557507426,0.273463757494406,2.4333399,0.6179149999999999,-1.3043608346039601,0.421309092084733,2.80217277,0.8885522800000001,9.426473780940594,0.23978969876461012,2.124383,0.8442439999999998,9.518383400513763,no_fall
0.1526321051680693,0.3288722735108274,2.6357191,0.73646849,-1.217941535618812,0.43754323803494766,3.45002567,1.3160630700000002,9.444353422029703,0.28997256301358615,2.183060000000001,0.8442439999999998,9.523785471330068,no_fall
0.161933554344802,0.2850840391333639,2.6357191,0.73646849,-1.206997958440594,0.3640351379139768,3.45002567,1.3160630700000002,9.449333159653465,0.25077309856454383,2.183060000000001,0.8442439999999998,9.527484647577714,no_fall
0.1611493321441975,0.33317740291476594,2.6357191,0.73646849,-1.1409873075555557,0.43954068665694296,4.0212378,1.3160630700000002,9.458115430864197,0.2889530386244894,2.183060000000001,1.022673000000001,9.528051671081808,no_fall
-0.0008391532426433892,0.3323960877515006,2.323169,0.73646849,-0.9434406018603491,0.43340875737235673,4.0212378,1.3160630700000002,9.484991052369077,0.2858008870830088,2.451302,1.022673000000001,9.531796060393772,no_fall
0.009365220622955141,0.3324809441096629,1.7914746999999998,0.97357545,-0.7821792581952507,0.4437744570343548,2.6752369,0.9616003,9.49542144591029,0.34763757550816077,3.2787820000000014,1.2166700000000006,9.527587340704953,no_fall
0.027094052481530347,0.36681921998153905,1.9100281399999999,0.97357545,-0.6915255535039578,0.4164491276197568,2.6752369,0.9616003,9.506976324538257,0.3976710344264438,3.2787820000000014,1.2166700000000006,9.532132002556395,no_fall
0.06537199436957673,0.36434116667598127,2.1267774,0.97357545,-0.523039318462963,0.48924255496009106,2.7734327,0.9616003,9.512434675925926,0.4204002728171856,3.2787820000000014,1.2166700000000006,9.527027715403374,no_fall
0.29612661001413615,0.359614840399662,1.7136365,0.97357545,-0.48706358536727745,0.49389120312260487,2.7734327,0.9616003,9.477386967277488,0.4417474533294367,3.2787820000000014,1.2166700000000006,9.49451344898044,no_fall
0.3355042959539604,0.3151606472339151,1.67651375,0.74485106,-0.5360693947878713,0.4541575632052409,2.5614734,0.8681946,9.481538497524753,0.3562690779369815,2.4548950000000005,0.9220819999999996,9.502605211660418,no_fall
0.3469191725136138,0.2740778633304452,1.648971,0.74485106,-0.47466737864430697,0.39985717513621044,2.2201831,0.8681946,9.47863661509901,0.3007625290758685,2.391427,0.9220819999999996,9.496852853114142,no_fall
0.3240834910148515,0.2415150280323643,1.20229987,0.41074586,-0.5652335011418318,0.26633003075915906,2.0441492,0.8681946,9.474593528465347,0.22336687629991425,1.8860779999999995,0.7915539999999996,9.496970124708135,no_fall
0.2077191569308642,0.14237346334176407,1.102906557,0.27662470000000006,-0.6114159609234567,0.21466131365853763,2.0441492,0.5029541000000001,9.507340514814814,0.10036964589203427,1.1256590000000006,0.3891910000000003,9.529244481598068,no_fall
0.16169042950123458,0.05329104317868103,0.295784907,0.20477416499999995,-0.5956413570864199,0.09289486066884096,0.61072997,0.33769778000000006,9.504700069135803,0.05732770514408189,0.32332800000000006,0.24309500000000028,9.524718149399183,no_fall
0.1511227753876543,0.05182007895904922,0.282612306,0.17004638,-0.6149789222469136,0.07619168650540824,0.38919066999999996,0.28500728000000003,9.50673730617284,0.05436678286285223,0.3724255000000003,0.2550694999999994,9.527806220564484,no_fall
0.1397981768296296,0.0513775954556888,0.292192378,0.17004638,-0.6458332780246914,0.05938018235735976,0.30895751,0.28500728000000003,9.50710692345679,0.05265211841111933,0.3724255000000003,0.2550694999999994,9.530043347608082,no_fall
0.12863744729034654,0.05465784828423844,0.302969976,0.205971685,-0.6617931009158418,0.07606554952926953,0.63348268,0.28500728000000003,9.50410445049505,0.05572207555479264,0.407153000000001,0.2550694999999994,9.527986099233406,no_fall
0.12435427507722772,0.05632271763478031,0.302969976,0.205971685,-0.6720134332673267,0.11958949360156794,0.95561283,0.28500728000000003,9.503235962871287,0.06221777983430284,0.46583100000000144,0.2550694999999994,9.527778324784423,no_fall
0.24369620085198018,0.32199285516910175,1.91002801,0.23830449999999992,-0.730383142549505,0.1881318027684288,1.2992981300000002,0.5269043000000001,9.486491579207922,0.10177907783583426,0.7939500000000006,0.48020200000000024,9.517687211482261,no_fall
0.6862884109190123,0.7641098930871384,2.06570441,0.23830449999999992,-0.9207342134567902,0.3427246664426062,1.44539433,0.5269043000000001,9.393470645679013,0.18729895776467548,0.8143070000000012,0.48020200000000024,9.4634049921804,no_fall
1.0777173928787656,0.7719090713620671,2.10043221,0.33410530000000005,-1.0777647046666665,0.3485622777220114,1.55197263,0.5269043000000001,9.31792403580247,0.19712389958206786,0.8490350000000007,0.48020200000000024,9.44175618592876,no_fall
1.3733544637407407,0.5445362208610028,2.10043221,0.33410530000000005,-1.1597571620987654,0.26607750239422767,1.30648313,0.5269043000000001,9.27127436419753,0.17164560887227065,0.844244999999999,0.48020200000000024,9.44392225160406,no_fall
1.4974076040987656,0.3196527107076157,1.1136842000000002,0.33410530000000005,-1.20515312782716,0.2033663751653053,0.8334668000000001,0.37242556000000004,9.249497414814815,0.13450728731211517,0.7592210000000001,0.41553599999999946,9.447106753974486,no_fall
1.2940990049999999,0.25820167467919825,1.1136842000000002,0.33410530000000005,-1.122125931608911,0.15777222623912787,0.8334668000000001,0.23950190000000005,9.307858056930693,0.11387273632585612,0.7592210000000001,0.41553599999999946,9.464147106269046,no_fall
1.1509195202475246,0.1374573365614832,0.8095165999999999,0.28261230000000004,-1.066681821410891,0.06965620070022377,0.5484594999999999,0.21195929999999996,9.345051993811882,0.08255750896359179,0.6981470000000005,0.4191280000000006,9.475886376337714,no_fall
0.9311913002527228,0.45941755663941153,2.64410162,0.37482053000000004,-1.0030448485205445,0.27782836247793075,2.9518616,0.977168004,9.381694626732672,0.2669983771892201,3.3697930000000005,1.3986920000000005,9.48100259862187,no_fall
0.6785415592286419,0.5561598892120094,2.64410162,0.37482053000000004,-0.9674903176599998,0.2904063335235037,2.9518616,0.977168004,9.413242838765433,0.27009893332870843,3.3697930000000005,1.3986920000000005,9.487127958657192,no_fall
0.44671549498345675,0.5364684318821243,2.64410162,0.37482053000000004,-1.0193262262032097,0.32552983212215003,2.9518616,0.977168004,9.43422736345679,0.2684479867124148,3.3697930000000005,1.3986920000000005,9.499643500378362,no_fall
0.20253290570098764,0.3757079603110337,2.64410162,0.37482053000000004,-1.0759965277340742,0.3498434146292395,2.9518616,0.977168004,9.460673099259258,0.26140712107900627,3.3697930000000005,1.3986920000000005,9.523818750723644,no_fall
0.1201146650054321,0.0708268832993407,0.51013917,0.20956420599999998,-1.2106439360493826,0.19653052923638722,1.19391726,0.32931509999999997,9.45632360617284,0.061311453598461275,0.41793100000000116,0.30656200000000133,9.534261503509551,no_fall
0.11244735299158418,0.05704336134980322,0.31614257,0.20477418,-1.2989068314356436,0.06598766722090688,0.5005591,0.20237919999999998,9.448716648514852,0.050975939974967445,0.30416800000000066,0.24429199999999973,9.53824143476494,no_fall
0.09712871323539606,0.05261795711935927,0.30776001,0.18920653999999998,-1.2974336599009901,0.05323704220783015,0.3532654000000002,0.20237919999999998,9.448716643564357,0.05224286942796524,0.3125510000000009,0.20836700000000086,9.537872629635444,no_fall
0.08689356159034653,0.05173918766194522,0.34967286000000003,0.18920653999999998,-1.2919707655198023,0.08176375980748203,1.01429083,0.47660880000000017,9.449496224009902,0.06644528097581703,0.708926,0.4263130000000004,9.537804665518218,no_fall
0.07721129034395062,0.0585193652886478,0.457448714,0.37362302999999997,-1.235874437234568,0.14697134893652464,1.5759229,0.47660880000000017,9.452660149382718,0.07025378765651824,0.8143070000000012,0.4263130000000004,9.533421794282184,no_fall
0.07305105267876544,0.05879228859837063,0.457448714,0.37362302999999997,-1.2064925732839507,0.14595454183957898,1.5759229,0.47660880000000017,9.459499241975308,0.07106625402572045,0.8143070000000012,0.4263130000000004,9.536408479853316,no_fall
0.06444672304592593,0.05891115156465964,0.457448714,0.37362302999999997,-1.1764986505679014,0.13817818992398798,1.5759229,0.47660880000000017,9.466294000000001,0.07073319612429453,0.8143070000000012,0.4263130000000004,9.539340886525414,no_fall
0.05149883342666667,0.05749232347942052,0.457448714,0.37362302999999997,-1.1465283775555555,0.10426149595473444,0.9496252999999999,0.25267457000000004,9.466900127160494,0.0604296720126478,0.5185220000000008,0.20477400000000046,9.536214000745572,no_fall
0.04380395853663366,0.05189483329878875,0.37242553,0.21914428,-1.1684731193069307,0.05256558877400632,0.3041674999999999,0.16405900000000018,9.469234361386139,0.05533467057511875,0.3628450000000001,0.20477400000000046,9.54115546504627,no_fall
0.044420498245792084,0.05460169930987907,0.37242553,0.21914428,-1.181337457178218,0.06061154616734097,0.35087029999999997,0.16405900000000018,9.46455398638614,0.058843176238850006,0.42870899999999956,0.21794699999999878,9.538098003774886,no_fall
0.05934621849234568,0.0661504666063352,0.43230102,0.33650023799999995,-1.2001324609876545,0.07163225049728406,0.5245093000000001,0.25626720000000014,9.4577931345679,0.07301693169976946,0.617915,0.3029700000000002,9.533818273590354,no_fall
0.1248219134128395,0.21826465980260282,1.62981086,0.5269043025,-1.3077131893827159,0.3227410476287006,2.34472403,0.6622227000000003,9.44082696,0.2607466332146408,2.5914113,0.7017403999999994,9.531784092415041,no_fall
0.15610500789382717,0.2818530013419966,2.3159839,0.74724608,-1.353487629002469,0.3910198716007601,2.7602599700000003,1.104104064,9.430522459999999,0.36137523115231246,3.2859673000000003,1.0885359999999995,9.528433837935628,no_fall
0.22283143478765435,0.2885680675310532,2.3159839,0.74724608,-1.334194416162963,0.4029634371365923,2.7602599700000003,1.104104064,9.428928734074074,0.36278273096890506,3.2859673000000003,1.0885359999999995,9.525461965736762,no_fall
0.28470498317574255,0.28353094257746964,2.3159839,0.74724608,-1.310437304668317,0.4103940167610871,2.7602599700000003,1.104104064,9.430442743316831,0.3609693988350877,3.2859673000000003,1.0885359999999995,9.525311186091956,no_fall
0.2930519813861386,0.21759777049917667,2.3159839,0.74724608,-1.2087882918217823,0.2663600564424903,2.7602599700000003,1.104104064,9.443129226485148,0.26090567001567605,2.9183319999999995,1.0885359999999995,9.52469097589721,no_fall
0.33072178451587303,0.08335069982018528,0.714913346,0.4143384,-1.1833677466931218,0.10588003955357263,0.7388635499999999,0.41194334999999993,9.446508232804234,0.07293279308935284,0.4969669999999997,0.29818000000000033,9.526082821134041,no_fall
0.3138616075132275,0.06839727521124145,0.46702883,0.4143384,-1.216549537962963,0.08891830012148727,0.67659305,0.41194334999999993,9.444284313492064,0.06211958966586071,0.4969669999999997,0.2646489999999986,9.527486976168529,no_fall
0.288454125,0.06490034413206806,0.46702883,0.4143384,-1.2465189637830687,0.07454583397134591,0.67659305,0.41194334999999993,9.442453197089948,0.060046594904486626,0.4646340000000002,0.2646489999999986,9.52874271289421,no_fall
0.24736496685634923,0.1691786998159419,1.8621278,0.6574328413,-1.1760813105291004,0.5039247600302765,4.643943,0.7819739999999997,9.444296998148147,0.21012902898612043,2.6860147000000003,0.7999364999999994,9.520457051267748,no_fall
0.20218944552797027,0.23560341145691152,1.9100281,0.6574328413,-1.1390807741336635,0.5078299282891241,4.643943,0.9556127999999999,9.457262249504952,0.25391294455319025,3.269201700000001,0.7999364999999994,9.527759171903712,no_fall
0.22868286696361387,0.25157572566989417,1.9100281,0.6574328413,-1.1177805131435643,0.5095864641413067,4.643943,0.9556127999999999,9.456518235891089,0.25581656450365736,3.269201700000001,0.7999364999999994,9.525096654362459,no_fall
0.19022664380913576,0.3436844429654431,1.9974463,0.8083190199999999,-1.0838261691481483,0.5669371189743699,5.2546728,0.9556127999999999,9.456237882222222,0.3671834702476874,3.3326696999999994,1.019081,9.520047280666196,no_fall
0.19535671687753084,0.31705011778987624,1.9938538000000001,0.8083190199999999,-1.1302156270493826,0.3206007146482037,2.682421805,0.9556127999999999,9.459120751851852,0.3148092407620687,2.888392999999999,1.019081,9.528405795754615,no_fall
0.2403328182562963,0.2697309616470665,1.9196081500000002,0.8083190199999999,-1.1321996491234567,0.2849221767054192,2.682421805,0.9544154,9.446776054320988,0.27666762394337413,2.888392999999999,1.019081,9.517416336879391,no_fall
0.23520865934962962,0.28130069958697856,2.1004321,0.893342264,-1.1016675857407408,0.32134140358944674,3.23926385,1.2813355,9.451158033333334,0.3170670907707663,2.888392999999999,1.4166535000000007,9.518055618346958,no_fall
0.2520787703014852,0.19687290913513592,1.8046472,0.893342264,-1.1433639448143564,0.3173178815660702,3.9266345,1.2813355,9.446706929455447,0.2410243742704812,2.327959,1.5890949999999986,9.518986113434545,no_fall
0.2504366406950495,0.18917883876987512,1.8046472,0.893342264,-1.1481362020668318,0.31527033270735255,3.9266345,1.2813355,9.442394118811881,0.23754305203964796,2.327959,1.5890949999999986,9.51523735618152,no_fall
0.18538281148960398,0.3360302519327253,2.948269,0.893342264,-1.0598821042698021,0.3831465286555221,3.9266345,1.2813355,9.450136443069308,0.3032106523217074,2.5698559999999997,1.707649,9.511193177218818,no_fall
0.11040506487450495,0.3474905857032954,2.8201355,0.74365354,-1.07296875365099,0.41887292964236944,3.9266345,2.18785032,9.458089221534653,0.3240432670890022,2.8380975,1.707649,9.519396144040401,no_fall
0.10405324940049382,0.3262782701076158,2.8129504,0.74365354,-1.0202605827901234,0.3827846686306444,2.8560608,2.18785032,9.469679530864198,0.28191167009824214,2.8380975,1.707649,9.525050611559731,no_fall
0.09190665639209876,0.3223912641648231,2.8129504,0.74365354,-0.9878450279259259,0.3789236216374697,2.8560608,2.18785032,9.478070983950616,0.28003102187809165,2.8380975,1.707649,9.529853839880953,no_fall
0.1141212024274074,0.20368723541177175,1.8741028000000002,0.74365354,-1.0742076577283952,0.3397312168493668,2.80816042,2.18785032,9.476246616049384,0.21812406282539482,2.6297315,1.2729529999999993,9.537620021208289,no_fall
0.06559988091086419,0.21515552837768032,1.6801062500000001,0.47181883999999996,-0.9727770997432099,0.40520144256107776,3.864364,1.3639636700000002,9.483762838271605,0.21091833178904792,2.688410000000001,1.0370430000000006,9.533748276661274,no_fall
0.04160457230222772,0.24048126474792103,2.3555018,1.00830324,-0.9410500059777228,0.5067250230317476,5.6426656,1.766326885,9.483322898514851,0.31343604789879026,3.58774,1.4561719999999987,9.529990516872681,no_fall
-0.008925004275247526,0.26204794488658295,2.3555018,1.00830324,-0.9300204655750001,0.5234416061215026,5.6426656,1.766326885,9.487051774752475,0.3534964546823947,3.58774,1.4561719999999987,9.532532145181769,no_fall
0.004529195810643562,0.28259979463920704,2.3555018,1.32803833,-0.7790690235750001,0.577890236207908,5.6426656,1.766326885,9.496095352722772,0.3778958542215697,3.58774,1.4561719999999987,9.528000629991155,no_fall
0.03693013391905941,0.3003879123472171,2.3555018,1.32803833,-0.8297883033324257,0.5899331234189831,5.4893844,1.766326885,9.490104846534654,0.3942284093467006,3.5410369999999993,1.4561719999999987,9.526384543013112,no_fall
-0.002548774096296297,0.2867368002998219,2.1255799,1.32803833,-0.8059802487728396,0.48073562203668335,2.9554540599999997,1.28492794,9.498706602469136,0.31748960527065034,2.854863999999999,1.3483955000000005,9.532839963906458,no_fall
-0.024012288591851838,0.2701152779231012,2.1255799,1.32803833,-0.7840495563844444,0.45268947013225097,2.9554540599999997,1.28492794,9.501175549382717,0.2723729886335479,2.544708999999999,1.3483955000000005,9.533501304193441,no_fall
-0.09700124827827161,0.23684279089477708,1.8309925,0.674198008,-0.8708911922461728,0.4093280419698039,2.84408564,1.28492794,9.50001647037037,0.24930129809239576,2.544708999999999,1.3483955000000005,9.540344524607475,no_fall
-0.1193961587311111,0.15700770095776578,1.41665402,0.57839721,-0.8807551266461727,0.2971397622413807,2.52914064,0.9771679,9.501518539506174,0.14074395066561485,1.2549905,0.5592369999999995,9.542999507094862,no_fall
-0.10815232378737623,0.14461198159276198,1.41665402,0.57839721,-0.8893169926138614,0.24909758448656033,2.52914064,0.9771679,9.50011767079208,0.13805562239234237,1.2549905,0.5592369999999995,9.542264793925407,no_fall
-0.07265090194183169,0.14705553037912458,1.41665402,0.57839721,-0.9014195483811882,0.2488869866237698,2.52914064,0.9771679,9.498419206683169,0.13791354612059348,1.2549905,0.5592369999999995,9.541373212575035,no_fall
-0.04449460179084158,0.10360874893991087,1.1448193199999999,0.43469605,-0.9199453798762376,0.1699971446129345,1.74596917,0.7496411999999999,9.495935269801981,0.09865913185966597,0.9376499999999997,0.526904,9.540496104491284,no_fall
0.01305729134074074,0.1398640678595911,1.5974780000000002,0.6478528,-0.9860531947654321,0.6154181598079365,9.147776799999999,1.4262343,9.483133035555555,0.34722948812675714,4.5637095,0.8622060000000005,9.534268905679628,no_fall
0.12059958288790122,0.43473523570717293,3.2380664,0.7879613999999999,0.7169830960493823,3.1027051298894675,13.865965,1.4262343,8.98658340345679,0.9585510380324931,4.6247825,1.3591734000000004,9.015946444311785,no_fall
0.8859906374585299,2.239852250848385,12.3295603,3.3099170000000004,1.3514887668503937,4.649733509207141,22.66407,5.498964900000001,7.442114584608923,3.79845620030655,17.524358,3.6727624000000003,7.61554796367509,no_fall
0.22320826844540692,2.9923597495914516,20.756437,3.3099170000000004,4.168738941522309,5.870545361977152,34.120646,6.0558075,5.181891902141732,4.55937716293999,17.524358,5.8187002,6.654337681478826,no_fall
-0.14102569534289452,3.3542149482347687,20.756437,3.3099170000000004,6.46231104486842,5.397192184235634,34.120646,6.0558075,2.984345598981579,4.03641782490527,17.524358,5.8187002,7.119527438077336,no_fall
-1.5306454280008044,4.865349200347701,27.128386,8.42328312,3.520165049238606,8.395531434312348,38.064045,12.2277722,2.63463385713941,4.142681511021601,18.924247,7.2533164,4.655720455668068,no_fall
-0.9458698252115868,5.337441064761362,43.154659,38.134698,2.8800833968413095,8.421350478234753,43.351052,16.4549825,3.3233339405717883,4.449106713034205,38.45204,35.874998000000005,4.498232828518683,no_fall
1.3935277262071617,6.180386292187573,45.137736000000004,38.134698,1.2328408921790281,8.079116432146163,39.099892,16.4549825,2.874020391782608,4.887584786916575,38.45204,35.874998000000005,3.423712809439358,no_fall
3.7145374834271108,6.305142937675521,45.137736000000004,38.134698,0.25825169865984665,7.29806322302928,36.492913,16.4549825,2.9756341433158564,4.9153141582537465,38.45204,35.874998000000005,4.7664327552702135,no_fall
6.796908982914573,2.793021042669688,45.137736000000004,38.134698,2.227990985334171,5.822545298939004,36.492913,16.4549825,1.9941907517575377,4.615300157929828,38.45204,35.874998000000005,7.425544579837255,no_fall
6.908929068479448,2.7788961254851077,21.3539945,5.325325,2.6023717955213033,4.578649246835251,22.853276,5.2510805000000005,1.84922819316416,4.283599738815849,20.732487,3.9218444999999997,7.610866228347352,no_fall
5.537651823841975,3.6898881824105674,14.8754665,2.0932460000000006,2.376441872909383,3.6431408137650236,16.882492,2.5027956000000002,3.758187764845679,4.9742352950649495,20.6869813,3.9218444999999997,7.101903897776509,no_fall
5.634197717175309,3.7780221029644885,15.4011725,2.0932460000000006,2.3008952691834565,3.7937285591108805,16.882492,2.5027956000000002,3.321625971520988,5.136120481008751,20.6869813,3.9218444999999997,6.933361526031729,no_fall
5.489032907837037,3.9618384729862366,15.4011725,2.0932460000000006,2.193840851225432,3.3783404942974142,16.882492,2.2620962,3.280612002412346,5.089059786884185,19.6092225,2.6488916000000002,6.760535115964962,no_fall
4.668038305001733,3.71141349955536,12.0182077,2.0932460000000006,2.3665816422532178,3.4683709227440307,16.6573605,3.804488000000001,4.462351182113862,5.191533534977513,18.2907645,2.6488916000000002,6.877780772816648,no_fall
4.570868090623763,3.5329349323643275,11.69128754,1.29929808,2.301862763834158,2.920056786762149,16.6573605,3.804488000000001,5.043232336940595,4.74093703136547,16.7363967,1.725612,7.185095663230382,no_fall
2.731033653663366,3.0588841307228947,10.9632018,1.29929808,1.9275461022871285,2.176767121989588,15.646662,3.804488000000001,7.3901439727079214,3.739002633395342,15.4155435,1.725612,8.110992955935506,no_fall
1.2261524250172842,0.8852128998983271,5.2510805000000005,1.29929808,1.885232233219753,1.9411314261187056,15.646662,3.804488000000001,9.14657364123457,1.116519398732583,8.2616203,1.725612,9.418989315052519,no_fall
1.0149412689185184,0.5819656628671085,3.6368373,1.0681787,1.7638165691012344,1.061703651631152,9.7824571,2.72193966,9.20637521160494,0.681848309112134,5.230722000000001,1.864522000000001,9.428600066056672,no_fall
0.948649494031358,0.5544297846987469,3.6368373,1.0681787,1.673961937422222,0.8609702425186289,7.817344,2.72193966,9.235112507407408,0.6191919028004309,5.230722000000001,1.864522000000001,9.433418651524857,no_fall
0.9518162416683951,0.43265243036113177,3.34105234,1.0681787,1.5709465293481482,0.9239211779550809,7.817344,3.004552,9.255825004444445,0.5501106448403295,5.230722000000001,1.864522000000001,9.436319392055026,no_fall
0.8879860952863862,0.38173740597189615,3.0524523400000003,1.0681787,1.4665374453613862,0.8922733428748659,7.817344,3.004552,9.283371383168316,0.4950670933070485,5.230722000000001,1.864522000000001,9.44035145648177,no_fall
0.8212308548408417,0.2328828312532423,1.91960816,0.7951464739999999,1.5054772628712871,0.5909578164172616,7.1371582,3.004552,9.298544770544554,0.28840040816463414,3.5937272,1.217868000000001,9.455359155303753,no_fall
0.8326714120024691,0.15138294413588135,1.70884646,0.7951464739999999,1.4580317083950618,0.4924574746592033,7.1371582,3.004552,9.313216766666667,0.19710042869608363,2.868036,1.217868000000001,9.463361172753196,no_fall
0.8900395213827159,0.10942161556630521,0.59755734,0.2131567000000001,1.57979332,0.29491904202850433,2.1926403,0.5676196,9.2762625,0.11920371667478714,1.0011170000000007,0.3161430000000003,9.451823276619493,no_fall
0.938602238691358,0.10058083043212518,0.59755734,0.21435424999999997,1.6748312399999998,0.27673763677368707,1.9830761,0.3388950999999998,9.253249632098766,0.11497084651471913,0.8897490000000001,0.3161430000000003,9.450326057808393,no_fall
0.9316714666419753,0.1532768839145875,0.99034054,0.24908200000000003,1.653503738960494,0.4262963655325515,3.3937426,1.308878121,9.256717966666667,0.21025639053417594,1.9782860000000007,1.0214759999999998,9.44928112879073,no_fall
0.8975483894059407,0.17004700250870028,0.99034054,0.24908200000000003,1.584509942101485,0.4690902989738222,3.3937426,1.308878121,9.271464451732673,0.21942065598148325,1.9782860000000007,1.0214759999999998,9.448614604675454,no_fall
0.8457145957178218,0.152808719779504,0.92687254,0.24908200000000003,1.491575475269802,0.3847793434605835,2.9063561,1.308878121,9.30229440470297,0.20125282844351244,1.9782860000000007,1.0214759999999998,9.45900162636653,no_fall
1.0082736564444443,0.6451919011421435,3.59612174,0.3197350000000001,1.1009135979382716,1.1603821434807289,6.795867899999999,1.308878121,9.25511240962963,0.38077940721534304,2.7566673,1.0214759999999998,9.374739048703468,no_fall
1.4862692884691358,0.953524150678547,3.2895592000000002,0.3197350000000001,0.62620890174321,1.2941777923246136,6.795867899999999,0.6670129140000001,9.165967452839505,0.3644807078575951,2.7051753000000005,0.8155040000000007,9.306776742405617,no_fall
1.991121666419753,0.9747040887787268,3.2620165,0.3197350000000001,0.19063763922469135,1.279874913132738,6.795867899999999,0.6670129140000001,9.056630350370371,0.36535395926768344,2.7051753000000005,0.8155040000000007,9.27488336871279,no_fall
2.0639391294074074,0.959127497629165,3.4212853,0.3197350000000001,0.03599625772518516,1.1781652978695263,6.795867899999999,0.6670129140000001,9.061503178765431,0.40314358510094167,2.7051753000000005,0.8155040000000007,9.293652689833273,no_fall
1.8380441033415842,1.0019763047819972,2.459685,0.25985959999999997,0.23290379280371287,0.7839600744883504,2.9542564999999996,0.48738645999999997,9.14697975,0.29990470904295513,1.906435,0.8155040000000007,9.332732121380168,no_fall
1.3579256833663367,0.9143896771679971,2.459685,0.25985959999999997,0.6231467336205445,0.6864762259944845,2.9542564999999996,0.48738645999999997,9.248421238861386,0.2772756420208149,1.787881500000001,0.5903719999999986,9.368327995143543,no_fall
0.8742442206419753,0.38571586269168534,2.3327491,0.25985959999999997,0.9962571620807408,0.30260068464136236,2.5423131999999997,0.39877065999999994,9.365002397530864,0.175992001236249,1.787881500000001,0.39398100000000014,9.458335011833842,no_fall
0.8206578777777778,0.0803304187668554,0.37601803,0.21555172999999994,1.050491048,0.07154174164084369,0.3748205499999999,0.18441649999999998,9.369147858024693,0.06447725852219016,0.4574480000000012,0.26464900000000036,9.463505818660206,no_fall
0.8671981347160493,0.06552486501597697,0.3951781999999999,0.21555172999999994,1.0653549547654322,0.061774752086131375,0.33530274000000004,0.22872440000000005,9.362477267901236,0.0594103962368666,0.31614199999999926,0.22752700000000026,9.462716014784847,no_fall
0.8985965440493827,0.06864143596283923,0.4682263400000001,0.20477413999999994,1.0709817701728397,0.11986801807419026,1.36995118,0.37482060000000006,9.359171575308642,0.06481335633695245,0.49097999999999864,0.28021799999999963,9.463010634945164,no_fall
0.9183151060396039,0.0672157427309695,0.4766089,0.20477413999999994,1.0911863086138616,0.15130664877642303,1.36995118,0.37482060000000006,9.350876530940594,0.06636571477100701,0.49097999999999864,0.28021799999999963,9.45901062960511,no_fall
0.9327000432673267,0.0680008183791052,0.4766089,0.20477413999999994,1.0912100225247525,0.15345795324386308,1.36995118,0.37482060000000006,9.350894306930693,0.0716143843445192,0.5221149999999994,0.35446199999999983,9.460438310319358,no_fall
0.9345218373333334,0.09442973016187861,0.85382437,0.26943967,1.0680515662469137,0.2288112448028781,1.72201908,0.67419797,9.35125618271605,0.14778828319723478,1.762734,0.8406509999999994,9.458332697013809,no_fall
0.9224846466172839,0.1006847151368651,0.85382437,0.26943967,1.053477431234568,0.20881333792486598,1.71962407,0.67419797,9.355919058024693,0.15128593111605973,1.762734,0.8406509999999994,9.460127591194258,no_fall
0.908410211234568,0.10537523942003155,0.85382437,0.27662470000000006,0.9929425741975308,0.21248300158571337,1.71962407,0.67419797,9.365797766666667,0.16556116501454085,1.762734,0.8406509999999994,9.461993018050034,no_fall
0.9066065545432099,0.11683970488392138,0.8598120699999999,0.27662470000000006,0.9745541458518518,0.24025428955887917,1.92320067,0.67419797,9.366841516049384,0.1687493379213425,1.762734,0.8406509999999994,9.460941349290993,no_fall
0.90840008259901,0.10821740686107176,0.7807764599999999,0.29817994000000003,1.028133273539604,0.24394360811879304,1.9267931400000002,0.46583129999999995,9.36388608539604,0.11188281604669224,0.8741819999999993,0.5233115000000002,9.463858164538324,no_fall
0.994024993440594,0.27121319612131195,1.7687218599999999,0.7664062,1.1711349077029702,0.633021952313518,4.418810873,1.24421266,9.321896184900991,0.3143238896589239,3.2476463000000004,1.525627,9.447612986447776,no_fall
1.184816797320955,1.0586816485256099,19.391276,10.825488100000001,1.2781558551618037,1.0737708516307496,17.789008000000003,8.999286,9.260892525729444,1.4703155596445951,29.761711,16.550781,9.42346027775412,no_fall
1.4019956453703706,1.067527906609499,19.391276,10.825488100000001,1.4815825255714286,1.0722541507502257,17.789008000000003,8.999286,9.18346159973545,1.4712313840629556,29.761711,16.550781,9.407265571011147,no_fall
1.5627724159788359,1.0302274482370481,19.391276,10.825488100000001,1.5666215589576717,1.050220153442335,17.789008000000003,8.999286,9.136296179100528,1.46895144047733,29.761711,16.550781,9.400450446940411,no_fall
1.622869666904762,0.9919472203461679,19.391276,10.825488100000001,1.57446873310582,0.8916512531658892,17.789008000000003,8.999286,9.126551376984127,1.4381749243175956,29.761711,16.550781,9.402478278837886,no_fall
1.5512600590123458,0.16195594626999715,0.8418494999999999,0.2514771,1.6135837930864196,0.1617001327248788,1.035846,0.2742298000000001,9.141340099999999,0.1356667277113851,0.92807,0.268243,9.411384555519243,no_fall
1.4594976292079211,0.11193161128642667,0.6933582,0.2514771,1.5688622861386141,0.09967921145445295,0.5831872,0.24309459999999983,9.173974112623764,0.09917609809670705,0.6981480000000015,0.268243,9.420895032937295,no_fall
1.4289344544554456,0.08111425567131965,0.552052,0.1951940000000001,1.6080540522277225,0.0961040358413315,0.5292992000000001,0.24309459999999983,9.174643995049506,0.08602837601225073,0.586780000000001,0.268243,9.423469846394894,no_fall
1.4140047454320988,0.08069378566915769,0.44068360000000006,0.18800899999999987,1.622791312345679,0.11939906624576503,0.7149133000000001,0.24309459999999983,9.179237574074074,0.09007537094862075,0.6083350000000003,0.24309500000000028,9.428216348006785,no_fall
1.4063229444444445,0.10015684935436997,0.6310876000000001,0.16884889999999997,1.6537728135555556,0.3526726613550558,2.6716444,0.34368549999999987,9.175213340740742,0.10759555844046281,0.6550370000000001,0.28979600000000083,9.428533745553082,no_fall
1.3802734096790124,0.17114198061675087,1.1963122,0.20118160000000007,1.7837100137037036,0.7557308618209504,3.8128709,0.4047584999999998,9.137253745679013,0.19610150570612955,1.1268569999999993,0.31494600000000084,9.411492023658042,no_fall
1.3609269760493825,0.22167264060143868,1.4166541000000001,0.20716919999999983,1.9257760700000002,0.8774401941899326,3.8128709,0.4047584999999998,9.10640236419753,0.2159951499147765,1.1268569999999993,0.32332699999999903,9.406768824872115,no_fall
1.4507475118811883,0.30757591282962693,1.6429833999999999,0.2406994,2.322724329331683,1.2402243138888995,4.9529004,0.44307819999999953,8.949452885643565,0.41037573679360784,1.8154249999999994,0.3628450000000001,9.359082412590066,no_fall
1.5602781575000002,0.42300829618815045,2.0417541999999997,0.4490661,2.667005429455445,1.4089698718633916,5.92168584,0.7807767000000005,8.810918216336633,0.587725352144521,3.9362144999999993,0.9903409999999999,9.33700517856176,no_fall
1.9993356948395065,0.7389750903722835,3.4368531,0.5185217999999998,2.873458700345679,1.4211047311982101,5.92168584,0.7807767000000005,8.57407533654321,0.7411248589647441,3.9362144999999993,0.9903409999999999,9.261148740840426,no_fall
2.2112210034320987,1.1724450907775723,20.0067959,11.9523456,2.8601441652000004,1.6439008168688403,16.2058995,8.213719600000001,8.53399275925926,1.3523806543813408,23.394550199999998,15.674205299999999,9.268168933874497,no_fall
2.507963926148148,1.176197555652046,20.0067959,11.9523456,2.527523259866667,1.5673064532321936,16.2058995,8.213719600000001,8.53891880271605,1.3340656583204171,23.394550199999998,15.674205299999999,9.251561554862247,no_fall
2.6861445070617287,1.0993785158599352,20.0067959,11.9523456,2.1449144457185185,1.4709857112380478,16.2058995,8.213719600000001,8.601171550864198,1.2861978849360998,23.394550199999998,15.674205299999999,9.262622865024005,no_fall
2.5493886192079205,1.0729537665993611,20.0067959,11.9523456,1.8384472260049505,1.2637666802674412,16.2058995,8.213719600000001,8.781116791584157,1.2052014711782653,23.394550199999998,15.674205299999999,9.326697306227613,no_fall
2.5843090735148517,0.37761992999798133,1.9998413000000002,0.5664221999999999,1.720394694009901,0.8905006689707954,3.23567143,0.9963280999999999,8.784427727970296,0.3824645413113949,2.1004324,0.9508224000000007,9.316897648818623,no_fall
2.392414582469136,0.332238033991806,1.7854870999999999,0.9352551000000002,2.1582821921728392,1.4363524057949122,6.60905656,1.8681152,8.68637510419753,0.6256534962223561,3.3123125,1.6453779999999991,9.264714890717578,no_fall
2.457624164691358,0.7313103649241347,4.0392005,0.9352551000000002,2.9680264720592593,2.1871245078677903,12.369077899999999,1.8681152,8.260771268641975,0.9814772504319434,4.7696822999999995,1.6453779999999991,9.115340894697257,no_fall
