Mean_X,Std_X,Mean_Y,Std_Y,Mean_Z,Std_Z,Activity
-11.478668428205133,8.627017787257515,-2.6875342646217937,11.808948015742036,1.21697702602564,9.038724623021018,major_fall
-8.651332305346534,8.729679200621096,-2.983957123069308,14.999734987027622,2.314478071485149,13.20371756855121,major_fall
-9.0033149946875,3.286182693502557,-3.144061887604167,1.8911193118257796,2.5281177212499997,3.905380722329756,major_fall
-9.319708691089108,0.9614748855259633,-0.641260558574257,1.076008885535459,3.55283363830693,1.677929192299277,major_fall
-7.417387369306931,1.2914707843023088,2.328836353321782,2.162510414186968,6.041828052475249,1.0082288276653633,major_fall
-7.298193631683168,0.419968091470184,4.622340264356433,0.4478092816321044,4.784620613861386,0.45184318429093706,major_fall
-2.3243666000000003,0.0,-2.1591099999999996,0.0,9.313033,0.0,major_fall
-6.657152044891303,10.462125881159533,-0.5583780178695653,9.573801654344328,4.659028906956525,12.119688686827226,major_fall
-5.982052273500002,3.3065647891065604,-4.671713129300001,1.7874437225505426,6.15176334,1.5765722174997896,major_fall
-7.131689163917526,0.28460776123587994,-4.4249220185567,0.25989922084715283,5.444681859793813,0.3117401413653163,major_fall
-7.633923213861386,0.124300833215855,-4.072884824752474,0.16411875740095055,5.120409455445543,0.16506720063152855,major_fall
-7.588097659405939,0.09341548917620585,-4.050404865346536,0.1118630182507708,5.185964269306931,0.1029656395536703,major_fall
-2.053756500227274,4.340411648782368,-1.913076284090908,4.296547494733588,6.716179044409091,5.404280757749351,major_fall
-11.38455618244565,8.074337107163663,-2.7888180307608708,8.839544815461554,0.07466212927173865,6.5468836976398554,major_fall
-9.702449400990103,0.4079356623122513,-3.265786971287131,1.0767651108971572,0.29354403052178196,0.6014977140906851,major_fall
-9.589907178217823,0.924523882139017,-3.1577265309207925,1.61773092846518,0.4928641918504949,1.345169504871485,major_fall
-9.796498627450978,0.16902203843625527,-2.5641501637254906,0.35041197852968287,0.9178207952941182,0.2838430876508291,major_fall
-9.737165356435641,0.0995606684380517,-2.86404025049505,0.2817246693181954,0.877181830693069,0.21706961714216924,major_fall
-9.732292257425746,0.06954596909086867,-2.808836214851485,0.17895880423331031,0.9427128852475248,0.13193926372171647,major_fall
-9.736489539603959,0.06167028492100901,-2.7572958762376234,0.14221279806399223,1.0496825168316835,0.1314813926732714,major_fall
-9.570580960396041,0.1717264902409451,-3.256918284158416,0.42781092416449706,1.221175397722772,0.406111039403828,major_fall
-11.297021895238096,3.765845222134226,-0.8829068569999999,1.6249441576614814,6.562410519047619,3.8717762866920853,major_fall
-9.81702075554902,7.446112944060448,-1.760668057592156,8.370604313266737,-5.379613054450978,8.62370396592401,major_fall
-9.856412984210527,0.15625208663524906,-2.5963902389473676,0.48716639911900306,-0.6265245031505262,0.3425238841508949,major_fall
-9.908053529702972,0.09933600376861905,-2.2575311722772278,0.39024401183200574,-0.864376776039604,0.3306547877341288,major_fall
-9.972647905940592,0.06596816643100348,-2.026056098019803,0.1987338639017799,-0.7505185007920788,0.12960385126976998,major_fall
-9.948994143564356,0.056413533901420225,-2.117766374257427,0.12004514819259596,-0.7012427477227722,0.10428189371400845,major_fall
-9.470846450980396,0.7668870884730206,-3.620659045686275,1.83619533973387,0.6127610424607844,1.9782852023646424,major_fall
-0.5891748,0.0,-0.613125,0.0,9.433982,0.0,major_fall
-10.902802564583334,9.40545814299232,-1.6265300547916677,9.38394576770348,0.6386719233333332,14.4661723222959,major_fall
-6.877909840625002,0.6898998073735165,-7.009311577083337,0.8971489222664827,2.4471860425,0.6981255078251221,major_fall
-8.838279499019608,1.089708301572807,-2.4753818251960795,2.090372907580574,3.928078562745099,1.3728023612669782,major_fall
-9.030883514851487,1.0431694940436622,-1.636829848940594,1.6715631423196484,4.113280048613859,1.6136821980795542,major_fall
-7.971407553465346,0.24606770342337558,-2.7512016108910893,0.17087715147351323,5.451396421782178,0.30728836941957294,major_fall
-7.78382531881188,0.14098498503777393,-2.96899425841584,0.10277295861362878,5.6080093732673255,0.37873042031543147,major_fall
-5.5660253,0.0,-0.96040285,0.0,7.492819,0.0,major_fall
-13.947670774270833,12.004793804940885,-4.208248888333332,14.58926147639354,-4.367629962291667,17.435415095892157,major_fall
-3.7500315177227725,5.2852365824068555,-7.4956997445544555,4.323000124275067,3.8397379835643557,7.115417728760182,major_fall
-1.0952224618125002,3.1955230137389554,-7.615388709374997,1.8617223901558078,5.874246956249999,0.7964934504456671,major_fall
-0.4738064728278351,0.9412994854389933,-8.413073973113402,3.3441096617933144,4.760187728762886,2.0023339001267866,major_fall
-0.8657247149479166,0.8378032721649399,-7.610349191666668,1.7623042688690607,5.785256983333333,2.027200159418456,major_fall
-0.8751662236633663,0.243795368792839,-7.372308795049506,0.4451184868457978,6.2923091,0.2936558159510068,major_fall
-3.7277774529411767,1.696945785670987,3.3158340882352944,9.115396097789912,9.021968094117648,2.816679810726805,major_fall
-13.051259759247316,11.188877723376748,-3.6194925061290326,11.284400479707248,1.315973134731183,6.987482830772125,major_fall
-7.547940709387755,2.205136097877855,-0.42178004014285697,2.9878433166567637,6.603068864285718,2.2746369088821563,major_fall
-7.934346727368421,0.4748011309554649,-3.3958225421052624,0.8883309487011253,5.2968630231578935,0.2809479871683299,major_fall
-6.025387819607847,0.6733991047649193,-7.328982858823533,1.5704744060476652,2.502654528294118,1.9651594431916124,major_fall
-6.552346607920792,0.3057916075404419,-5.157793116831684,0.7888806852366391,5.47920000990099,0.36180515566351473,major_fall
-6.442377281188122,0.20042642099246633,-5.51376178811881,0.3026166299037666,5.340016168316831,0.1804375804250783,major_fall
-5.541330121555554,4.417348706531516,-0.5399172351111114,2.3904829474899403,6.118423329111109,2.908704086310626,major_fall
-8.613082737684207,9.326791356895777,-4.584231269494735,9.35909464646579,1.5238122903578943,9.462113640736188,major_fall
-7.66240257227723,0.3828635874713561,-3.82385022871287,0.5325471299092603,5.236864331683168,0.5057429876490015,major_fall
-7.90007272842105,0.13727019072397517,-3.8044003073684207,0.1406237428092269,4.930790578947367,0.2057222036434068,major_fall
-7.815612675247521,0.1678502228203248,-4.024237497029702,0.14444039103197517,4.90325709009901,0.22624476861446302,major_fall
-7.615892108823526,0.10748116570605248,-4.12580857745098,0.12112768751376893,5.106510377450977,0.13029554560428835,major_fall
-8.345348429729729,2.0194660915341593,-3.1440457037837843,2.3858195207413297,5.835950599999999,2.8801040329041987,major_fall
-6.369673023762376,10.709600243856169,-4.302664463069307,7.641636135884849,0.970006685396039,9.961116932081513,major_fall
-8.401425970526313,1.443446438564311,-4.295454914000001,1.8472369105395468,2.4314742432947365,2.899260061375529,major_fall
-7.115591163366338,0.7650144898336785,-3.6960605346534647,0.9383412895179805,5.924780345544555,0.7259831396053379,major_fall
-7.508010552941178,0.23721189864649495,-3.210406269607844,0.3237603172722389,5.8202966117647055,0.2993927361434429,major_fall
-7.370933457425745,0.07339878545063448,-3.3745587950495057,0.11896174205867649,5.896668538613864,0.0891809455947592,major_fall
-7.357191723762379,0.10083851362583267,-3.3756970168316838,0.1361282819655813,5.8936213900990095,0.11571866886768054,major_fall
-6.978209577227725,0.2902616440881681,-4.054862942574259,0.42293765597790317,5.916338485148513,0.28630333331740154,major_fall
-4.403483060000001,0.2613308891344418,-1.434856188,0.5560085191966941,8.3981361,0.23837946684865682,major_fall
-5.815490156701031,6.640323744043132,-3.777649496041237,8.19052009060314,3.092686250567011,4.7789239894958095,major_fall
-9.937960655555555,6.754205382560528,-3.412397197333332,9.08142485387263,0.9253291199333334,10.20150270224346,major_fall
-7.000760681188121,1.2168030331243371,-4.557745856435644,1.5198984737157863,5.493012862574257,1.684853817880546,major_fall
-7.280049279411765,0.7002112696398977,-3.7668491568627447,0.7553687094340054,5.670877950980391,0.46557351184032325,major_fall
-7.441373126732671,0.21241111659933518,-3.718149243564355,0.29613533384264995,5.607760367326733,0.16773812316738665,major_fall
-7.3287953227722795,0.0975266320549396,-4.004733488118811,0.15656050255605036,5.555959199009904,0.1270052962416643,major_fall
-7.997056950724637,5.8325598517155814,3.210107167434784,2.732070482094165,7.12636327188406,2.5795644094283148,major_fall
-11.697961487083331,7.496393884750959,-4.745768657437501,18.236693691523154,0.029039622979166235,9.588646772058201,major_fall
-7.160947907216497,0.6857908440561521,-4.132359278350516,1.3760952714574828,5.507186954639176,0.6247033054615555,major_fall
-7.608301246534653,0.1756648636592137,-3.1752623485148534,0.2632846899885771,5.726064884158416,0.164787294385754,major_fall
-7.556784626732675,0.07827781307035461,-3.2675773,0.16250023037455671,5.737127025742574,0.08958612437236546,major_fall
-7.518511728712871,1.081636651892716,-2.5761162143564365,1.6526649756724223,5.988734474257424,1.123217015780419,major_fall
-5.664492303396228,6.558735225215459,4.204524577358491,9.707076001442237,-3.351513413207548,10.38259983785962,major_fall
-5.629530430556701,6.293757954852489,-9.194714598701035,8.286451157676895,8.207620859793815,10.452793639960804,major_fall
-1.790277099473684,0.6778957921524795,-7.454977300000004,0.8489493824395338,6.102938347368421,0.6607018164321339,major_fall
-1.7175342554901964,0.4131244770612338,-7.244699253921567,0.4073389459243253,6.3451815627451,0.2695341305122772,major_fall
-6.034163062962964,1.0867370693665417,0.8430468670370369,1.540948740643782,7.73303015925926,0.37665827229404986,major_fall
-12.981854184479166,14.316733336060496,-5.569580486291664,18.296660002550887,-4.144406740310417,16.612997608000626,major_fall
-10.114229891666668,6.0343884749404095,-2.6819228681875003,7.721657493432055,0.1547282466250001,5.646706878274154,major_fall
-9.340825088118812,0.8187530186899241,-2.8300594099999996,1.6537706277071513,2.0355413073366333,1.0419451213191697,major_fall
-8.870357930693073,0.3635390772786815,-2.73202958910891,0.6271077044597486,4.051471961386139,0.3718917116599856,major_fall
-8.920567274509802,0.13133458680130847,-3.0171258470588236,0.27459426077406424,3.6278088735294136,0.25462063062381046,major_fall
4.961255134186046,5.162261134719934,-3.075706360455815,4.4062795305997,6.029963002325582,2.381536950438498,major_fall
-5.402790690720431,7.8333127774696605,-5.473868624516128,7.688050776990976,1.9352401687311827,6.4775868109686074,major_fall
-5.344210669999999,1.0926937324394845,-5.753016535,1.1563073737229301,5.95058172,1.0517946378943996,major_fall
-4.261202134653465,0.4942783111339925,-6.284483808910894,0.49512466883002737,6.365025250495048,0.288471269500933,major_fall
-4.524298568316833,0.3629289396209954,-6.378268973267328,0.1915982873970772,6.1040511247524725,0.21584519483249862,major_fall
-1.23104,0.0,-0.34608033,0.0,9.4507475,0.0,major_fall
-12.131044381290318,10.63970017014005,-6.91502663698925,10.643804343159694,-3.860076074193551,18.011737732503,major_fall
-8.913859553465354,5.629467859328454,-3.8477292983168314,7.444057187163641,2.8342329241584157,6.5336880509102135,major_fall
-7.094362982105261,0.24633489823761343,-4.976371573684209,0.3077265816471429,5.065504147368421,0.2478322995366619,major_fall
-7.6783377623762386,0.126683488962948,-4.313240515841584,0.17470848627163746,4.854503030693069,0.18955086701833881,major_fall
-7.275097086138615,0.2190762600671922,-4.6141355673267315,0.21953577110645733,5.164468355445545,0.21797801177672044,major_fall
-7.103627938461537,0.24050554311695035,-4.866771784615386,0.45149454105223963,5.400446642307693,0.3002205603433944,major_fall
-10.3029471939505,5.591338736963455,-5.432082153960394,4.967789106879184,-0.9103801656435652,11.098635486804433,major_fall
-10.216317647499997,11.52121012184768,-4.773747931354166,7.9830011049806275,3.0704275366666667,10.411912896387792,major_fall
-6.109422149504952,0.4411074728499739,-5.986019338613861,1.043736012880408,5.362662146534651,0.601962586471852,major_fall
-5.501668112871287,0.5184131791935018,-6.114745704950497,1.043711822038194,5.572226378217823,0.37690135338610437,major_fall
-5.264193670297033,0.07183249405440346,-6.593548040594057,0.1229370952285332,5.3403007316831665,0.08338154611967437,major_fall
-7.661368035595238,9.026579059201365,-3.7113537178571416,15.454975044279186,-4.809341780357142,18.582811842889257,major_fall
-6.242038568315786,9.418779029683975,-5.185330727368421,8.584150537365556,2.0693599726315792,11.775094719640197,major_fall
-6.858737204901961,1.7800690779428503,-3.9379169496078443,3.5378903589734634,6.1280566397058855,3.3157108557853068,major_fall
-6.959096788118809,0.2476733195949666,-3.772618161386137,0.3306536338722168,6.10728796138614,0.2375722038803975,major_fall
-6.829054366336633,0.14677878801440158,-3.1323654297029697,0.3754860127513784,6.555559725742572,0.25214225941956325,major_fall
-13.284247515199997,15.618716054965201,1.0922406841333336,8.870252967730673,-1.5931031927999997,15.439734285701748,major_fall
-4.237662775729165,7.188699574320185,-8.59929274346875,7.669033483508234,2.1774095398958333,11.81493924066615,major_fall
-0.06646179228888899,0.7985817006261439,-9.042569183333331,1.2709032961038305,-1.8055386698888867,3.8674495538583633,major_fall
-0.918193578019802,0.2319714816826203,-8.793729183168315,0.8646179004429576,4.127365629702969,1.0448660047750082,major_fall
-0.9836297794059407,0.33815004805264204,-8.10519665148515,0.7777276139578998,5.395516601980198,0.44838653601915324,major_fall
-24.58887960625,13.282775147345198,-0.8704773621874996,9.676973326125623,8.1166462415625,13.593637180203812,major_fall
-15.58485852842105,6.768850988225527,-6.850587945894735,16.413276013351847,-7.83420975231579,17.457910026566235,major_fall
-6.718797742391306,0.8296665597064853,-5.564619607608697,0.6590701263940192,4.890929283695652,1.5632782077381102,major_fall
-6.631287399009897,0.5971527662143512,-4.496803326930691,0.8429724010742576,5.906876978217821,0.5432172462220104,major_fall
-4.261640843663368,2.3643284373147586,-5.916943170297028,1.6368640807123143,6.267801683168314,0.595668760462484,major_fall
-10.159473333333333,4.075328685307121,2.350512049166667,3.0684527627741143,11.5597615,2.537939030943316,major_fall
-17.994955828811882,13.480332729721894,-7.945252122079211,14.217515480501904,-5.926144019801981,22.205926580310226,major_fall
-11.204475128125006,7.233669409445489,-2.0800245430833333,7.339231370507706,0.7363936844791664,8.376481422806556,major_fall
-8.728210037623757,0.635711794182059,-4.497159007920793,1.2743498991168494,1.0352056973465344,2.497246295409001,major_fall
-7.654067412871289,0.5027762947857791,-3.3670536287128723,0.8613613089922693,5.458640746534653,0.6215394437542181,major_fall
-6.790674781188116,0.23626536597583267,-4.767001826732674,0.381625665778025,5.709276045544556,0.31765250908737047,major_fall
-8.305277657142854,0.5533620147770867,-3.2321472771428574,0.3305232758818365,3.71132228,0.38400256544307154,minor_fall
-9.047696055445543,5.373044578079695,-3.381364455445544,6.259785752412197,0.24333163349504955,7.205212596778241,minor_fall
-5.8450691180000005,0.6144780087509457,-3.2582085260000007,0.4920238152263666,6.500250616000001,1.3932096749354668,minor_fall
-10.126654019062498,6.593173846286806,-4.683635347760416,5.464764495445723,0.875529329791667,5.171088238405242,minor_fall
-6.318392753617018,4.4259820109349794,-6.314519887978724,3.498498005614206,1.7604157934042555,1.793220678603376,minor_fall
-11.781646644444448,5.492276105541819,-0.7156052216911112,7.929935466313716,-1.7409530260444446,5.714775715153806,minor_fall
-6.889957914285715,0.23175429752040821,-4.0583607,0.20100698384376264,6.079414999999999,0.19357441996603453,minor_fall
-8.627752596764706,7.598029912699574,-3.116378308294118,7.260550108358925,1.497579873921568,6.736429940336542,minor_fall
-5.882782475263155,9.054097316410571,-5.53022615,8.621289616211739,-0.8952330619736845,5.566279043672136,minor_fall
-13.486536403030305,7.277796184152603,-5.137208073030302,4.361993149630685,2.248887054545454,9.19249044687273,minor_fall
-9.028507747391307,11.05383321709132,-5.752160029130434,8.427463820710363,-2.7355548588043486,7.949752821038823,minor_fall
-6.496628600000002,0.942927589589915,-3.103484738461538,0.6473148588664223,9.038112749999998,1.292652813781872,minor_fall
-3.5518509393814437,10.239939016500132,-4.15672924597938,5.447949037337744,-0.3433025435360826,6.379130522567814,minor_fall
-12.169493461458329,2.94690210934273,-1.5564258912083335,2.029599568141622,-1.803499601770832,1.16621107410065,minor_fall
-7.560993687128714,1.423473588899147,-4.339467112871287,0.6297122903053912,2.6824930275049503,2.4468371926515617,minor_fall
-6.069707405686275,5.258680874132195,-3.1785195895098046,3.2736696665060454,0.4501931513333326,5.056537953386557,minor_fall
-13.271161253608257,5.263249671094084,-0.6983827685567012,6.985188585394742,-0.5152995676185572,7.776102648462963,minor_fall
-4.579573646391754,2.354342020017175,-3.7874517868175257,2.8661293674228157,2.348600567010309,5.041996223813598,minor_fall
-5.8995318,0.23286101106780407,-0.41493715,0.7426149260212892,7.63831615,0.06858815569356654,minor_fall
-10.338462368817199,6.240402612182114,-2.3599827447311834,10.349272277541305,-1.1750274954301079,10.231385447599843,minor_fall
-5.552747124705882,4.324502742219748,-0.7171322570382351,2.9732663801971064,-2.433656781588236,4.642613711348071,minor_fall
-13.638636058241751,4.850781784936126,-2.7070826534505494,4.994234415347089,-1.5443665185714286,7.0470401763465516,minor_fall
-11.60179268125,6.26729058703797,-1.551018416328125,4.266813882891397,-3.90985064640625,4.621010530686379,minor_fall
-10.385468712871285,1.8811025240059651,-1.4622779948019804,1.6717468335507952,-1.518620235363366,1.834433129136388,minor_fall
-8.579241725490196,1.200591512112709,-4.526751284313725,0.989282104983388,2.5789899064705883,1.1274947008528051,minor_fall
-3.242108025925,1.3497279697680895,-2.3846011790000006,1.323899007906455,5.564498524500001,2.504807318049179,minor_fall
-11.602422605249998,6.549500883076243,-0.15783427541666664,4.648125444730859,-1.9645522030104192,5.417012341873294,minor_fall
-7.874757592222222,6.35814972080693,-8.358884315,10.588683268862548,3.3927447733333325,3.7089849281705387,minor_fall
-11.591308804510868,7.4777360301969775,-2.7972656586304354,6.868534941049434,0.44087882278260837,4.88665180334917,minor_fall
-9.566893788235289,1.364057668777246,-2.325000426960784,1.1532054699012373,1.44423200597549,1.7145782800600746,minor_fall
-8.568016391089113,0.7683213368122397,-3.0670596316831693,0.48223546760000247,4.919144862376237,1.090036421280468,minor_fall
-4.9113076801980196,0.2680896528237381,-1.1202170312871285,0.5838689861631385,7.8149012722772255,0.8422563514442396,minor_fall
-4.98334793069307,0.2805489959943951,-0.7770771304158414,0.21268118431798674,8.441993342574255,0.18458752703559922,minor_fall
-5.158050934285714,1.7817654890431314,-0.1454119081142856,1.6470822926235513,8.073439748571428,0.8445860650034493,minor_fall
-7.911335749583336,10.953386501834292,-2.5950286352083336,9.003557838196231,0.491003932812502,6.4762630806471,minor_fall
-5.6708075000000004,0.8933396154679925,-3.0500574,0.06096731235932876,7.92212615,0.12955589231696457,minor_fall
-3.582159079793814,7.677176499452074,-5.7757624413402056,4.087530912190182,2.6218550992783505,6.981684299570959,minor_fall
-14.544444009893615,6.506268494631346,-0.6967086144893617,4.988562783825944,-1.747255959404255,6.220769504076067,minor_fall
-8.881690444,1.36738243360478,-0.5038163094400001,1.2444449518230174,-2.7950836456,5.680443509112045,minor_fall
-12.129502306185564,5.433971912415535,-2.2493430778865973,6.649841221022024,-2.0996419928350503,7.8911036372569106,minor_fall
-7.264227311995555,6.652293304496653,-5.184791553985558,7.6897285556173705,0.07286182288888964,8.357814537259413,minor_fall
-13.441868743617023,4.1641862687471125,0.3729096431914892,6.132446433372717,-0.8911638079787235,5.987380786547728,minor_fall
-5.701665662686565,8.568839774889573,-4.598080071044775,9.060834508825861,-4.426460794776118,8.178520905529153,minor_fall
-12.399299354838709,5.252021817434055,-1.6467690811150533,3.3746564413701408,-2.673704517634408,5.144602338039848,minor_fall
-7.751824559405942,1.044324540732423,-4.174519044554454,1.3793462950063287,0.7046929939900987,3.3348268446110585,minor_fall
-12.072993908333336,2.138986521411902,-0.16585510250000002,1.3700967829408874,-5.675597472500001,7.478955139870302,minor_fall
-8.650934025670104,12.903074396941523,-5.623876157010312,10.770979976999739,-4.257924994797937,11.565895463771861,minor_fall
-9.907422381249999,4.257940773964146,-4.493343541927085,5.85783281747051,0.9081365336875001,3.747637117891725,minor_fall
-8.980916545283023,3.5378852624761588,-4.139949353396228,5.7623999663699035,-5.180924311698114,4.000845373562069,minor_fall
-10.607331648453608,4.41402305227224,-1.7655244242268038,5.493436484787216,-3.5227280830927814,4.356523386246648,minor_fall
-4.1086560500000004,0.022446164979865395,-1.0526110325,0.09965025081548413,8.8148695,0.18399360188242017,no_fall
-2.065301007894738,5.660568276400271,-2.158908412578948,3.5908023047014797,5.351784611263155,7.739511271786844,no_fall
-9.916402250294118,5.573372198389596,-4.899282501235296,4.3328664028952275,3.2729233673529414,8.393665839237823,no_fall
-8.58665628202247,4.795735554173939,-5.696083031123594,4.020381724445464,-0.9942963901123596,2.2501210492450356,no_fall
-6.477271043564354,2.6970384686803404,-4.153651545775246,3.642248280239376,-6.070295598415842,3.231474435113017,no_fall
-8.643120663725488,1.6083639405351065,-4.012585212705881,3.227631305369278,-4.512932942156862,2.4496777234355136,no_fall
-10.414457895049507,2.0517433689731153,-2.5328754308910892,0.6654475526033079,-0.43321397372574266,0.9577139074298657,no_fall
-11.454180932673271,2.735375528915712,-2.2569976341584166,1.3834851375562593,-3.089670055837624,1.67374282547833,no_fall
-10.343033494623652,1.2300984765165377,-1.6742989140537632,1.3395956647113034,-0.25491505102150525,2.01374055488668,no_fall
-11.773317281041665,5.291313017565095,-2.8360773406249993,11.421844372094709,1.199917270302084,3.842373998708928,no_fall
-9.953227195833337,3.320732266813515,-12.647773840624998,16.532829202887864,-0.8375707581770834,5.84295318110472,no_fall
-9.944932016041669,6.2898533547981685,-11.20837967854167,18.60231180539698,-5.322993228333334,6.23602592827747,no_fall
-10.721828855937503,5.167558196407606,-11.351818913124996,18.572380949811784,-7.324169347124996,3.850067893260922,no_fall
-9.885393773711343,6.543063139473047,-11.683880773505155,18.50373840505766,-12.52282873092784,4.55786195514289,no_fall
-12.646552959139783,5.3025380189844356,-10.074585333548386,18.95692563274403,-3.071921586236559,5.325718527694252,no_fall
-12.989222915957447,7.443954852329954,-3.3604035341489347,4.3842845846969025,2.1926403895989353,6.553917397923354,no_fall
-11.288817827722772,2.6577902309086,-2.0384343238613867,1.0743580943590265,-1.6113857445346538,1.627604057305521,no_fall
-10.880905682178218,3.1139902054858832,-2.3033448283663365,1.1570144557671582,-1.6222937596465354,2.077655454738855,no_fall
-11.337623323529408,1.729352814797299,-2.7900451186274524,1.0037797576937628,-1.1566300679411765,1.884356974175485,no_fall
-10.541227925742575,0.9426741463577893,-1.9322590762079213,1.53708427650831,-1.0546385609900992,2.0792772810734723,no_fall
-10.173224836633658,0.9745581305043407,-3.1828979683168326,0.8066942200934948,-2.6271704203762374,2.045582644391556,no_fall
-10.404071597029702,1.3310804363528403,-1.9752152909901,1.059253682816618,-0.7179367443762373,0.8116460003674804,no_fall
-10.491596485148511,1.2720862599353837,-1.9973632768316825,1.0057305675916437,-1.6261826940564355,1.5609247846287946,no_fall
-10.801704172277232,2.012033651195673,-1.6203729977227717,0.6240951637004187,-1.0738935563168317,0.8066467505076449,no_fall
-11.135109826732672,1.129595876984841,-3.2978707546831685,1.159029687963553,-1.4649219975841585,1.3019392341875604,no_fall
-10.196760503921569,1.5215850008383403,-2.742039077254903,1.1421942461129917,-2.2474440629431363,1.0359787176943642,no_fall
-11.159759481188118,2.305970050723696,-2.4298421795544565,1.6033716186529667,-2.5400842003960395,1.235779476573965,no_fall
-10.5156533990099,2.2869310616505865,-3.7163945158415848,1.2099476591055034,-2.781945617821783,1.0609129603533451,no_fall
-10.905472371287125,2.156124020007067,-3.985039769306931,1.1906423649359383,-2.4564838071287123,0.8424038709811873,no_fall
-6.215111216376234,3.696731036166385,-7.3500066499009895,3.476719890780283,0.19241964850495039,3.1951486585746522,no_fall
-7.50294297806818,2.2963699152603083,-4.75461727968182,4.670510963648496,6.294043330340911,3.0939095684600666,no_fall
-4.930871194145832,4.272170282138407,-7.918820168593751,4.6471949684138005,5.223737202229166,4.5466374662957865,no_fall
-4.2484278455625,4.12400524160928,-4.8845550221875,3.300557828943888,7.310634963541666,1.5017975791188438,no_fall
-3.942597206907217,3.5487452093954506,-5.3326838152164955,3.847663729815238,7.5830268865979376,2.7203094539406267,no_fall
-5.197453218316833,4.491566466596798,-2.648618891841584,2.072517898637862,7.950741555445545,1.1749526952600136,no_fall
-3.797481313663367,3.23157340037826,-2.530575273168316,3.9350397119918195,8.5472081960396,1.5752759039741004,no_fall
-1.9090558421782173,1.9365945284339083,-3.6513495818811887,2.3487975634062304,8.941390433663368,1.330630020306312,no_fall
-5.28122939901961,1.7241956449412663,-3.3521937779999984,3.821767203720343,8.544326135294115,2.0609382974161963,no_fall
-4.348673043053764,2.9495097249608193,-5.438780314989247,3.2586625650686525,7.6482888526881725,1.3181214832387664,no_fall
-4.888915588484211,2.3845299930586643,-4.821174321231579,3.48701607317514,7.1172542999999955,1.3419793989081121,no_fall
-6.873978772277228,1.4347188188856574,-2.6437695666336625,2.7881515574957976,7.086637525742575,1.5930431031832923,no_fall
-9.866495045833334,0.805426615434482,-4.407072941666665,1.9422833141380638,-2.1494926081250005,2.4739127597821446,no_fall
-8.923617509900993,1.2235557616039447,-4.137348832673267,0.6197546435888001,-3.521212271287128,1.1640811646201379,no_fall
-10.87611566831683,1.737342222572615,-2.4008410694950504,1.3130713920341905,-1.3907000994455445,1.348495887919057,no_fall
-10.262893480392155,1.3049303416045674,-2.3946555786274506,1.0383235519731913,-1.3161923804803928,1.3877717092883943,no_fall
-10.214592310891089,1.8610984183970176,-2.196481894059405,0.7453645290274767,-1.186862602405941,1.0802988024621796,no_fall
-11.15748307920792,1.3325446005088568,-2.6129307484158417,0.9262368352074624,-0.4915481147653465,1.645640266813787,no_fall
-9.644245668316827,1.9896253914999578,-3.3593824360396054,2.8382330417576234,-1.0779129122495044,2.65476317822911,no_fall
-8.243064376237623,1.6200807548878107,-4.737965200990099,1.5104061088620242,-4.14754543960396,1.4203880954619614,no_fall
-0.6776852370109887,2.6252662954672035,-5.373844806593404,1.110464932193903,-8.708396325274723,1.0608067601765572,no_fall
4.7430042138613855,2.4143529082035666,-5.290159444356438,4.828257174087516,-2.79962371332673,3.498486841718867,no_fall
1.5078189146089116,4.265669110668567,-2.4753357005742576,4.245192385631702,9.341904134554452,2.061914838593509,no_fall
0.2879003162772278,2.7575352831798803,-2.518920285871286,1.8001073707105326,9.138374876237624,1.5409024079610725,no_fall
0.7518248044313728,1.3789872343104053,-3.511662184215686,2.3911571413287644,8.568182415686277,1.1917046897906354,no_fall
1.7157232234653461,0.6321701012665609,-3.458550483663367,1.8238788954748624,8.701817346534655,0.6006315369561266,no_fall
0.9993752487128713,1.6274158573879234,-3.086196074257427,1.3633680184050352,8.77434371287129,1.2547837660001218,no_fall
0.9409581194059404,0.3068421557685034,-3.4391294722772265,0.6832756858724689,8.869859975247524,0.3506733078158386,no_fall
0.9882656863564362,0.6714409989969327,-2.9443919589108902,1.8292512242472039,8.697347498019804,0.7928022934226107,no_fall
0.5636279301777778,1.1002984997643883,-9.188040049999996,1.8821639511032981,3.308333597222223,2.146516095195057,no_fall
0.04897933767029705,0.5082665845840876,-9.694386983168314,1.0240300077556737,1.8552864645544567,1.080304066238751,no_fall
-0.20719267121568635,0.36564828968128904,-9.648794039215684,0.5845388232399165,1.9373007650000003,0.6325452435335955,no_fall
-0.09182884386138614,0.4216242586350762,-9.456248567326732,0.58792478350025,2.801188755445544,0.7067333366128277,no_fall
-0.07857324306930695,0.5588120800769033,-8.85330831980198,0.6493313920614354,4.012416534653465,0.6146850769874436,no_fall
-0.2099673345465346,0.8776498980320618,-8.812189778217823,1.2688388601082436,4.327136343564355,1.2698512109555258,no_fall
-0.19260936916732668,0.4781985550794895,-8.549283051485146,0.9040052095757538,4.616791433663366,0.8707504491257464,no_fall
-0.4462917275465349,0.932172563840762,-8.390856048514856,1.4811226330725376,5.049815673861384,1.5109109424930138,no_fall
-0.41163508473267335,0.9327889341903981,-6.138352037465348,2.5160772328603187,7.0736901801980165,1.1750591023333588,no_fall
-0.03702888176862742,0.657698902583564,-3.9540128759803905,3.0416001203224283,8.5412031372549,0.8946516402470626,no_fall
0.08507062182178218,0.8018648790401093,-4.733720557029701,2.692582339314072,8.138584659405943,1.065254065156907,no_fall
-0.06071730112871288,0.5674946224302064,-2.585672571089108,1.8414947063341418,9.165206265346534,0.7355209633807386,no_fall
-0.08057699357029705,0.39157376741294986,-1.891496318316831,1.0251746336602416,9.358503252475247,0.44053159477752923,no_fall
-0.2617448088118811,0.0645321883751032,-2.0699134227722777,0.09373169207307942,9.340433876237624,0.07350692079734418,no_fall
-0.3161662929752477,0.36793452067423515,-2.235300183861386,0.9101047252811998,9.29186952772277,0.37519195200072275,no_fall
-0.21710496360792078,0.28415140139648004,-1.9636788831683174,0.23513340851665726,9.25505498811881,0.5406959257812511,no_fall
-0.4258629287435643,0.4083072411079082,-2.480979394554456,1.0588473745521036,9.368996278217825,0.6270095725562879,no_fall
-0.13909897757058826,0.3004683758669675,-2.417196957254902,1.1554694856149608,9.209472259803919,0.330852942806418,no_fall
-1.9092648323516477,3.332009992288747,-4.592436787868132,6.758857589117923,4.763299023362634,5.564208519399704,no_fall
-9.300012121052633,0.9312480550596393,-3.383771840526316,4.612832823937357,3.6740229832631575,1.9194318775732497,no_fall
-8.844036460792081,1.8108666604556263,-1.6452717036633662,4.302374504686866,3.767863702574257,4.905099122565598,no_fall
-8.488318709574466,0.9893592935461304,-2.1255033928829787,2.4023474395526345,4.0529335829787225,2.2200482906832586,no_fall
-9.50552425841584,0.6644044623320989,-3.744506332079208,1.72248297100966,-0.5038196338019804,1.4841903674970711,no_fall
-8.718618043564357,0.9997989530317831,-4.426019821782176,1.7441099465735468,-0.5465742794059406,2.997125708116139,no_fall
-7.76122473263158,3.1396602739462676,-5.504196062557897,4.039822945768929,1.6169533252105261,3.875818293275117,no_fall
-3.87429978910891,1.0048056711323012,-1.6331187610198021,1.658090573479637,8.298683405940595,1.370253604131634,no_fall
-2.924876094752476,1.2847650839832727,-0.7170237996039605,2.2521108824172744,9.050102917821778,0.8670301321833674,no_fall
-1.3025230741019802,1.4725402240047683,-3.4668974949504947,2.9731749711392905,8.582007103960397,1.445759843781366,no_fall
-1.1473765230833335,1.9734974821643572,-5.964122500833331,4.093559223048336,6.8005956361458315,2.940511628547025,no_fall
-1.4558245989999994,1.5076496715697694,-7.282380152700001,4.751492497590304,3.96917008396,3.357025440244995,no_fall
-6.3970472821875015,2.2806913787529512,-8.581554578125003,2.083551660992676,-0.36133610895833373,2.252138308892896,no_fall
-1.6401143809999985,3.6175569222909547,-7.790724125000001,2.2515360567256817,3.1087977425177074,2.5089233227584247,no_fall
-1.5592963542736842,4.72301115437661,-8.170004075789478,1.828995332606139,0.8225253473684214,1.831473635124574,no_fall
-9.212700921568626,1.0098988738969064,-4.750415578431374,1.8404317568570598,-3.2712679470588233,1.588429065208988,no_fall
-2.597446103956433,3.721989118093741,-2.4303994329702987,5.369424794002717,4.216538634257426,5.667654844327645,no_fall
0.3121824977772278,1.2065695506267766,0.8211952846881189,2.4836287149195235,9.069452886138615,1.7697699993236666,no_fall
-0.7209720205811883,1.4130472626322057,2.24515295340594,2.1055538592930962,9.167411463366337,1.142995132682984,no_fall
-0.5857245585346533,0.7035506603186807,3.399362669900989,1.8006250144154097,8.877045079207925,1.1946577390470676,no_fall
-0.13269831473564364,1.0694949502870434,3.304071715346534,2.312251864144087,8.949109062376232,1.6759975519152703,no_fall
0.5330934057029703,1.0129922444291906,2.7449295218940595,3.104679857658308,8.734778487128713,1.532757202481011,no_fall
1.849847343823529,1.2971014634833682,-3.073678834058823,1.7803386737377607,8.753620243137256,0.9232872313732639,no_fall
4.313706524175821,1.0267804229740436,-6.662417952747254,2.6197185990478324,4.375003232307693,1.5793466238800848,no_fall
3.225249493069307,0.5085591985898331,-6.125072723762376,0.49556060273669367,6.507528907920792,0.6059273021763539,no_fall
2.5441272782178217,0.10037270216950481,-5.961168005940594,0.09716173220499089,6.983533105940591,0.09775277699831328,no_fall
2.5006849524752472,0.10727122486575198,-5.6881713980198025,0.3007345063420555,7.282448152475247,0.32388031825609526,no_fall
3.418667306862746,1.5053154679865994,-4.212545843960783,2.6927149909110955,7.065342815666668,3.529381297606165,no_fall
3.4479507500990083,4.015743186302772,-1.2820824050396038,2.0596233440220524,7.653510205940594,1.903864445493891,no_fall
4.227363573425741,3.2268098944067987,0.6900976053465346,2.2524048888122064,7.339667725742576,1.8187967434686927,no_fall
6.151109687128712,0.5381592142953334,0.2667719799999997,2.5984300637532245,6.314765395049508,0.9210076818446232,no_fall
6.037336592391303,1.6171954935223583,-1.0836682483695648,4.230523645128838,5.691854990434782,2.3997382223343027,no_fall
4.171602344554456,1.9433977828624511,2.4305654032673276,2.2009498479045684,7.87182454059406,1.2602663827233147,no_fall
3.310474250495049,1.2159873519749729,-0.2863708360396046,3.601005664785259,8.24564912079208,1.2927448987707044,no_fall
1.918861197425742,0.6856982690056637,-3.3502529217821784,1.2321246286748713,8.489917369306932,1.0980809381128454,no_fall
1.9568953186274507,0.7829978801570248,-4.455194194117647,0.6947462383572901,8.374819796078432,0.8929278322324734,no_fall
1.5762311198019812,0.051224497300715446,-4.296404161386138,0.10366085070320032,8.342742217821781,0.08958267724036864,no_fall
1.5785905633663362,0.057454485155630286,-4.202856156435643,0.08441218264163343,8.394555331683172,0.0631230708617411,no_fall
1.5589324396039606,0.047705614500909835,-4.163563631683167,0.08835520649090794,8.417711148514849,0.06785316278805807,no_fall
1.5513205534653458,0.05393702148043507,-4.176700629702969,0.09559212193657649,8.411107004950495,0.06203792785737981,no_fall
1.5273347782178224,0.053635175781941095,-4.177163022772278,0.10917025492197208,8.414462490099009,0.0736028479235003,no_fall
1.5955809861386145,0.1061350731647791,-3.9188092108910886,0.35357877461077847,8.501821398019802,0.1759609804024614,no_fall
1.5816990774509812,0.052269574376927266,-3.9208465666666674,0.05622329741455593,8.51391869607843,0.05403327565602132,no_fall
1.5879453772277234,0.04724625483959524,-3.87114594950495,0.05072391473351127,8.52986206930693,0.06018224479960967,no_fall
1.5691409118811879,0.05065064267847009,-3.875734426732673,0.05735275163254138,8.54084123762376,0.06378744901387708,no_fall
1.5292673970297024,0.06009159453530163,-3.8906855029702987,0.07086080844770183,8.55103781683168,0.07257894209585589,no_fall
1.5350059653465336,0.043976188495883604,-3.8383863455445537,0.061680656528616006,8.552602920792078,0.05227359633245692,no_fall
1.5396418613861382,0.04599358836065953,-3.7916123267326713,0.05770342216476745,8.573339955445542,0.055831708892935455,no_fall
3.9370089769306924,2.305705899878554,-1.7935850817821781,3.0369922283529664,7.433701991089106,2.5993963465780023,no_fall
8.406624181372552,0.6278696154622211,-1.3605941669607846,1.204230370198515,3.7810079490196085,0.8094534762771547,no_fall
8.297592583168317,0.12791813721783396,-1.5747016281188122,0.42241644259376687,3.8386946029702975,0.30836562810095114,no_fall
8.36490206930693,0.22119517198595254,-0.3449658082544554,0.886617730868689,3.817661128712873,0.7069918621653193,no_fall
8.268083565060243,0.27955859688447116,-2.214238854698795,2.3951521636976527,2.812950436144578,0.8152527347858863,no_fall
7.550808885148518,1.5129988782147648,1.3430961326732676,4.884602628148298,1.3602999566465332,2.745132834026282,no_fall
7.0239876009900994,0.35998410852558493,6.290910075247523,0.5227479966687141,-0.8455011751267322,0.7094045699926177,no_fall
8.088170631683168,0.3225014184805566,3.5174418772277227,1.3292052000991992,2.0954286718217827,1.4049255650716954,no_fall
8.29805496039604,0.09855985269762946,2.0897968178217825,0.21458641171722606,3.487705698019802,0.17110033780498737,no_fall
8.312302661764706,0.10834268341114925,2.4996255166666668,0.30651069217512406,3.1860216931372523,0.3440282317216469,no_fall
8.19615992178218,0.12011346067167625,2.1808668435643566,0.5496633788924403,3.6208071316831676,0.28844661226659435,no_fall
8.30391212871287,0.13817729532176493,1.9384244712871286,0.3911523517400396,3.530827895049505,0.4009897837926118,no_fall
8.22038279009901,0.20333200587746555,2.270964640198019,0.628303929143832,3.576048704950494,0.542765664725555,no_fall
7.534956685148513,1.4789513626220228,1.2013750039108906,2.7084804531359277,3.5903713997029705,2.177077420248745,no_fall
1.9174028559405942,0.7129979082642521,3.707905232178217,1.6702678915062994,8.669982538613864,1.1008786226256277,no_fall
1.6562982874752474,2.0792077614446414,3.7992005133663374,1.5062750545635095,8.349370105940594,1.165003074173628,no_fall
1.320313219313726,0.2434128372353666,0.8798644247088234,0.5038550253023418,9.293650196078437,0.3942442101760938,no_fall
0.45636978556732677,0.2986709149288939,-1.0566304544782177,0.9413739061625238,9.401744009900984,0.34407157466975513,no_fall
0.07619007682574257,0.13063572988925545,-1.8672971410891095,0.3887585169560999,9.357258321782174,0.13359704142990184,no_fall
-0.0056674224049504986,0.048886535456698986,-2.003054428712872,0.050591608518084,9.352575019801977,0.056675259525207196,no_fall
-0.042766512227722764,0.05831647272832959,-1.939847248514851,0.07101555879682794,9.362902019801977,0.05525508788468804,no_fall
-0.06835290900792078,0.04966986517157594,-1.8914844584158423,0.056198973163445375,9.367288985148518,0.07350554281877167,no_fall
-0.08844973103762373,0.055151280204199196,-1.874079067326732,0.05554973434459091,9.380236346534655,0.05946410662205151,no_fall
-0.0918208226549019,0.04644211806641094,-1.8750537500000002,0.04933931132726382,9.383839166666666,0.05805309958923384,no_fall
-0.09682044305148513,0.048423357593452655,-1.8129349297029702,0.051139610073078455,9.388357915841583,0.05622620248051931,no_fall
-0.10611596590099005,0.056477276744000056,-1.793573216831684,0.06114396176283486,9.392152113861385,0.06728732077582976,no_fall
-0.1267344739396039,0.08698572248807131,-1.8558792910891082,0.07931450029790782,9.384220069306933,0.10632044453161461,no_fall
-0.19668801497029706,0.0544081812637156,-1.743989198019802,0.06454153869621794,9.394143920792075,0.06016504524400931,no_fall
-0.2207923460594059,0.05109561231980644,-1.6982704158415842,0.05126743143631,9.412023628712873,0.053225316213229484,no_fall
-0.2414508419607843,0.050344484316056363,-1.7098326274509807,0.0460646247124283,9.404502068627451,0.05969447468738763,no_fall
-0.2626459048514851,0.05321098285893416,-1.6653566801980204,0.04887599687377847,9.419042668316834,0.04682972560678092,no_fall
-0.2885879982178219,0.050782461142549744,-1.6254950069306928,0.053431243314366654,9.423631222772274,0.054640716039940154,no_fall
-0.30445203871287135,0.04809314611827305,-1.6213452247524751,0.04436261377939405,9.429203678217823,0.056233874316802254,no_fall
-0.3344609203960394,0.04686519782225445,-1.605813165346535,0.047397171796056424,9.425208069306931,0.054217748788797475,no_fall
-0.36458837049504944,0.04757853355290572,-1.5541186871287116,0.04990047545004689,9.439376678217823,0.052177776348488795,no_fall
-0.3943008388118812,0.043984942134832644,-1.5220467574257435,0.04872834114930107,9.431669881188123,0.056195807079049406,no_fall
-0.38347315205882365,0.042058053318345216,-1.5664719166666667,0.04602469250830015,9.435484602941175,0.047385394129767014,no_fall
-0.3441951330148514,0.09862993759478815,-1.5684888019801986,0.11377380488796,9.434302064356439,0.08244136007577328,no_fall
-0.257950717039604,0.10076333824467648,-1.4924528613861388,0.0745694916975568,9.446217920792082,0.05706255080557346,no_fall
-0.3571898921782177,0.05228556378421623,-1.4564682851485145,0.06502409554661932,9.441404094059406,0.057376558364140004,no_fall
-0.38917881712871283,0.0478660971249557,-1.4486074019801973,0.05283066733511698,9.45301168811881,0.0574065207729859,no_fall
-0.3866652320792076,0.04993598635296471,-1.433988300990099,0.05378474197524703,9.447688074257423,0.05137449281644463,no_fall
-0.004469911316831671,0.7962273862727005,-1.8412601850495052,0.8290631417067321,9.311918885148515,0.5152172897772018,no_fall
0.7623157497920788,0.4691576218787644,-0.7667145210584155,0.9029378376979916,9.390349858415838,0.6831206320284839,no_fall
0.5166145881481479,0.052477300603897485,-0.36031738180246903,0.12629456336999212,9.493960962962962,0.08644726813362792,no_fall
0.45357888273684205,0.07509398297910432,-0.283595523305263,0.09022233802074246,9.492193515789468,0.07382745477554659,no_fall
0.48382951306930705,0.05593343693586293,-0.29544107227722766,0.054441099735971964,9.488047643564354,0.058873726478087716,no_fall
0.433298950490196,0.07166124334996332,-0.19760085161764696,0.11963169859667397,9.499152313725489,0.0867589864688584,no_fall
0.5135656970297027,0.10313945598329194,-0.32190485376237626,0.09363633882628669,9.467820455445548,0.0921693114636889,no_fall
0.4469794127722771,0.052180836624338055,-0.25286426534653456,0.05848379034436294,9.486873861386139,0.0661667537689479,no_fall
0.9163676716831686,0.4175301131297811,-0.20630366292079205,0.1656462161686712,9.416505376237621,0.2120461249341921,no_fall
0.9551978155445542,0.23279691347929088,-0.11679870005445549,0.11769377550928657,9.424295103960395,0.11167279240070783,no_fall
0.9134746715841587,0.09061053945025152,-0.14531366081782177,0.12094569347716368,9.43300970792079,0.1110740633569392,no_fall
0.8057462223762377,0.060426059580456645,-0.11746266585148517,0.0751378169878036,9.44409557920792,0.07582392347068734,no_fall
0.7245638499999999,0.07578136435203947,-0.2011464206421568,0.12093169352922532,9.47705706372549,0.10524695570968672,no_fall
0.8166897994059411,0.1364395655312275,-0.10513187173168315,0.15646640154319436,9.445008524752478,0.15136763960367122,no_fall
1.0076629649504951,0.5797933524883127,0.6150339052712869,1.1745479849506009,9.283048255445543,0.7741413553259158,no_fall
0.3653353330376239,0.5404615053000745,-1.2052995066732672,1.095322879369556,9.421259898019803,0.8888330059599273,no_fall
0.6772332769108912,1.0394546015091455,-0.9684059932693071,0.7920998776257779,9.351899177227718,1.0162969819874719,no_fall
-0.011975099478217845,0.9874316415100429,0.6788339094356437,2.4586825682633546,9.379003196039601,1.022642377373547,no_fall
0.1312280989861386,0.11141298528996078,-1.1135773726336633,0.3762219372756964,9.46006630693069,0.17211950418511507,no_fall
0.06940814003861386,0.07140270207101655,-1.682821348514852,0.10017095316519115,9.403143103960394,0.1262948185228181,no_fall
0.03670015140588234,0.16177357654317356,-1.539516201568627,0.4676688108295199,9.40659182352941,0.12394854472958688,no_fall
0.06313603423267326,0.06684360023178718,-1.6007385698019807,0.12703486982289622,9.424508524752477,0.07333433589463306,no_fall
0.0465606023118812,0.04550262546990538,-1.62573213960396,0.0562886035874689,9.405953084158414,0.05609951136899832,no_fall
0.055287010161386124,0.05314112503339572,-1.653073298019802,0.051974502428821755,9.401625475247528,0.05188602918293011,no_fall
0.3579724249702971,0.7864374976048526,-2.1394282748514852,1.9989474118934072,9.105923574257424,0.9211227597344006,no_fall
0.023215091179207944,0.3171684144486034,-1.2431811343564354,0.5031673232978693,9.459603950495048,0.28955684430459855,no_fall
0.01958699136336633,0.06249293621599385,-1.2958952673267328,0.06361599992388725,9.452086856435642,0.06372969359048158,no_fall
-0.05598945205980392,0.046134546340536584,-1.2197810980392159,0.04139533326521499,9.482070176470588,0.06018785993370449,no_fall
-0.07775513875742573,0.04880590821561371,-1.2125675742574258,0.0630737258087132,9.468697836633664,0.05428313796765567,no_fall
-0.004849319070297029,0.31533282969438375,-0.13752391170297038,1.3499860088063191,9.446170480198022,0.48399155810599587,no_fall
0.17306980301980202,0.06333628876203813,-1.2793909732673265,0.0797152682507158,9.452430688118813,0.08437511480605078,no_fall
0.1523090146930693,0.05018543618261724,-1.2570888445544548,0.05130526249127369,9.44575546039604,0.057577682799227196,no_fall
0.13547273879405938,0.05036967604809037,-1.2708898415841585,0.04859444477935162,9.438440019801982,0.06586481528558781,no_fall
0.19723341543564363,0.06724623501672215,-1.4302890594059403,0.08925264167379386,9.419196846534653,0.0631921006915715,no_fall
0.22193847652941187,0.09190391950405268,-1.4981316735294123,0.08312113960663511,9.412121514705882,0.08277681677593504,no_fall
0.25457160507920773,0.15946435465809095,-1.5698523029702967,0.3125818460524227,9.392768628712876,0.15597866612517317,no_fall
0.03418238461485145,0.32421937704940984,-1.2158992501980201,0.49891541646119675,9.44573175247525,0.3064413118051449,no_fall
0.12067578632871287,0.14786349809934396,-1.0598317113861386,0.17520778707268692,9.46112153960396,0.12167134564141806,no_fall
0.3891432469801981,0.2751300490085422,-1.3718600738613866,0.44036376293501717,9.406273202970295,0.3090877571958423,no_fall
0.06652700274851485,0.392437323558421,-1.2241751070297031,0.49876354129630834,9.464287193069307,0.3639527484307268,no_fall
0.07138818132178221,0.0680368882186589,-1.172124941485148,0.09913022929521213,9.465650702970295,0.09014765641407922,no_fall
0.11796645080686279,0.37568782035397064,-0.799173403921568,0.3815320721469523,9.495876750000003,0.30978593016981404,no_fall
-0.2711186806567011,0.2180661163325032,-0.5647184458350516,0.23492469182597875,9.515239752577315,0.3017212096225839,no_fall
0.13424235878481008,0.3930098043623284,-0.5287081432911392,0.6035015994625494,9.508561044303798,0.5806268915666197,no_fall
0.13791518403861383,0.2894537457820841,-0.831949158534653,0.32124368209137333,9.5090100990099,0.3876839882023568,no_fall
0.26212421746039605,0.304214290858789,-0.16966697822772275,0.48775344239532126,9.516195138613861,0.4069372440338996,no_fall
0.6149627636633659,0.2146831833803956,-0.42700115324059384,0.27799730874846323,9.38257198019802,0.39019418753293794,no_fall
0.32701501865346516,0.2324755864574033,-0.7156602891485148,0.37978537970882187,9.518376772277227,0.1735853688044232,no_fall
0.18357469027722773,0.05358974526650407,-0.586341093960396,0.13195598475659928,9.497402569306928,0.062198318673740226,no_fall
0.17078149146534652,0.05403781109589034,-0.5319314682178221,0.05655975139741407,9.500022792079207,0.056111117520873895,no_fall
0.15007615016666662,0.0479786275230932,-0.6117279038235292,0.057343230865667415,9.513498950980395,0.05659234549111474,no_fall
0.14244437896039594,0.04772354441522179,-0.6524056896039603,0.0567910171877302,9.507788846534652,0.05348856393841306,no_fall
0.14119944358415837,0.052527451868387164,-0.6638828156435644,0.053857584737985124,9.505571688118811,0.051013281433850706,no_fall
0.12537097249504947,0.05454857232894661,-0.6556543800000002,0.05604949530513894,9.501504920792076,0.04924985925120655,no_fall
0.10553499412178212,0.05590682156059407,-0.6752295184158413,0.11720164939088534,9.501552346534652,0.06778443024274612,no_fall
0.12531169010792081,0.05725063138835659,-0.693287019009901,0.19249058363519023,9.504314896039606,0.07723426884457822,no_fall
0.6185671466831684,0.4679106760420429,-0.8973616527722775,0.2245943293052406,9.438594153465347,0.16020792893072947,no_fall
1.8838824460784311,0.08576633801251146,-1.4121927376470589,0.11461969974589233,9.132009906862745,0.09702079526016331,no_fall
1.6751264564356445,0.1584913767791689,-1.3049062405940597,0.2042498113256064,9.198617920792081,0.12813770338040129,no_fall
1.3107870732673261,0.09626461624070486,-1.022068655247525,0.07500955173932349,9.317254331683168,0.10912805782474727,no_fall
1.116007957029703,0.06809542902242448,-1.0793949806930694,0.05358255765935795,9.35127074257426,0.05886315994060357,no_fall
1.0744745332673264,0.04453340702717421,-1.0821338499009903,0.05277973388713051,9.364289232673267,0.05658789738175308,no_fall
1.102408517425743,0.15790656638819536,-1.08312979980198,0.07471551600977357,9.34739366831683,0.08770769435896941,no_fall
0.43187419328811866,0.6945371210230973,-0.7675207636861386,0.4744697587651983,9.463824863366337,0.5135070392935647,no_fall
0.11102793966176472,0.10230783773564285,-0.937474048039216,0.1968555906337781,9.476833975490196,0.08107466839774205,no_fall
0.14487496871980196,0.05834219911546968,-1.2899907108910889,0.09641878329759915,9.448435099009902,0.050627417196170615,no_fall
0.12326051089702968,0.05046086730126792,-1.310372098019802,0.0590398815590224,9.45343845049505,0.051923705935126865,no_fall
0.10138520832079208,0.05174025960367108,-1.30744353960396,0.046237538537978164,9.44638382673267,0.05185139826019329,no_fall
0.08026872402871288,0.04622401872839058,-1.2878209772277223,0.04708643548229761,9.446609217821782,0.04991780766191631,no_fall
0.08360040969504952,0.051163445617509296,-1.2840980247524751,0.05511609563813172,9.44843507920792,0.055589048275075416,no_fall
0.08231990431683167,0.055390918428360046,-1.2885205204950496,0.1386187787900742,9.456556772277224,0.0972222413942285,no_fall
0.06279882105098036,0.07527921737039837,-1.0845564246078432,0.17679109885017427,9.458976985294116,0.06889986179092943,no_fall
0.06358658289603962,0.04645489230377674,-1.170002611881188,0.05341443114521259,9.474033301980198,0.05216016592195034,no_fall
0.0490978997811881,0.05006965690596978,-1.163825364356436,0.04471016445392162,9.47568138613861,0.05427233468595584,no_fall
0.03040014891287129,0.047241713477446025,-1.1683426930693068,0.04733105341506409,9.458987282178217,0.06352696432509647,no_fall
0.03213120255643563,0.05668892071037759,-1.1717218079207918,0.06331092138748523,9.468235475247527,0.049652956785894146,no_fall
0.0660527417326733,0.056715390796743245,-1.2214599633663366,0.066016354591181,9.455311801980203,0.06520014705225281,no_fall
0.10831593211764708,0.06987106531863667,-1.2386242725490193,0.07908329317899629,9.448727735294119,0.10237467990038589,no_fall
0.29295120280198017,0.37431070580819803,-1.5997307623762373,0.5375333559278858,9.390954601980194,0.50381194907639,no_fall
0.15757331408910888,0.37848364930936795,-1.3552727786732668,0.475159666459382,9.426915450495047,0.5063357222049888,no_fall
0.33361910699999997,0.11440251261776296,-1.1440960900990096,0.13228500265664017,9.44892111881188,0.09304776055620984,no_fall
0.35467630881188117,0.061403041862166,-1.1426495875247522,0.059910613741173395,9.454979801980196,0.06086000323726902,no_fall
0.3263391956435644,0.07451621601169364,-1.1931347109900992,0.09213613150328256,9.44170053465347,0.07175123259088506,no_fall
0.30046318386666665,0.057965641655780525,-1.27793452,0.059847660992927085,9.438324866666667,0.05684680424628787,no_fall
0.27051864257425734,0.04422184984060726,-1.2682814079207916,0.05899106029196574,9.440597935643565,0.05605055697772603,no_fall
0.2595869188118812,0.056217919883244455,-1.2548123891089114,0.04652210772325112,9.448126712871286,0.05350222469011665,no_fall
0.17255997011584145,0.30305400170214447,-0.9295165631683169,0.9300701949586977,9.448601097029705,0.39748178189964745,no_fall
0.10609225060990102,0.3293731917864927,-1.103712736336634,0.3043347635956389,9.49172325247525,0.30689639328590695,no_fall
0.3764923283168315,0.10089829538270884,-1.183080363960396,0.16558814362003074,9.437621881188118,0.08333793335297997,no_fall
0.1065901106803922,0.4635745871983365,-1.1186502205392153,0.5244723598687966,9.447095813725488,0.5300844316381151,no_fall
0.1931310551920792,0.14545865938799696,-1.115533696336634,0.11620418344459305,9.460161118811884,0.1173228856703615,no_fall
0.28644196405940586,0.06459874724127358,-1.1116684684158415,0.0756090472934403,9.442222237623763,0.06667674133150149,no_fall
0.35594495844356455,0.20314517936144466,-1.060649812772277,0.34327951225689585,9.455193183168317,0.32240003846264287,no_fall
0.17279710351089106,0.26010119148621974,-1.2856038017326734,0.489469965750917,9.429251178217822,0.3337333073019427,no_fall
0.1865625367663367,0.09150437204997991,-1.1346227253465344,0.09529237730492109,9.442909876237623,0.08540431680452121,no_fall
0.026226647237623787,0.5316309108148198,-0.7586520772277224,0.276328518481305,9.473191534653465,0.38319096610553244,no_fall
0.056033971983168326,0.32868209007786414,-1.1129964102970293,0.48078752387934853,9.487004297029701,0.39434968483466676,no_fall
0.1469649730637255,0.11710781522449816,-1.0742367012745098,0.4237645223123193,9.475554249999998,0.10128016794085336,no_fall
0.13785590143564352,0.06712686641342532,-1.0046395598019804,0.1200736141676661,9.476558772277231,0.06313104377928991,no_fall
0.11530477737920793,0.1901200790473004,-1.104957671980198,0.17882027419434549,9.465875999999998,0.1487682833127242,no_fall
-0.1385317232069307,0.2755153737073363,-0.7062699154059405,0.5784857873167689,9.517143603960399,0.37640158043850147,no_fall
0.05178933360099009,0.2622559221436742,-0.948332876722772,0.7528605499065456,9.473713217821778,0.4759390838325078,no_fall
-0.06426240487425741,0.23777057886451436,-0.9605213981910892,0.2966654231464883,9.49147427722772,0.33420455035419167,no_fall
0.16912157772277228,0.25604023999571773,-0.5011519039801978,0.4591710431628428,9.502050311881188,0.307580248601498,no_fall
-0.008927970773267319,0.37739939733285904,-0.9091470344356434,0.6244833702433763,9.493181579207922,0.439412545688569,no_fall
-0.10511083253529412,0.15174366522886082,-0.8526386936833328,0.3358182457207225,9.50802795098039,0.0871173640045232,no_fall
-0.15032897290099004,0.05288427690739424,-0.8725814930693068,0.06194246264862985,9.50137450990099,0.06517735413834233,no_fall
-0.123556923990099,0.2159913539654647,-0.8493782656039605,0.4085260077694271,9.497402519801984,0.21441170205155444,no_fall
-0.0987293443712871,0.15894301961804155,-0.9487004347524752,0.25600181654678866,9.499204727722775,0.14858074880487587,no_fall
-0.059994053887128716,0.07139719638813659,-0.8866077770297032,0.09126672876369199,9.50248892574257,0.06705918038312808,no_fall
-0.008323285518811879,0.04991917532496208,-0.9209917161386136,0.05723222449375234,9.494580653465343,0.06381505588083197,no_fall
-0.010931723386138613,0.06881955719560862,-0.9234815915841582,0.19326056805162617,9.487466772277232,0.09193753249376778,no_fall
0.13031723857843136,0.2139839171530928,-1.2109054345098031,1.1821130463129244,9.448340273529412,0.6809353831291687,no_fall
0.3712398874653467,0.7824689964198678,5.942399131683171,0.8020341870512292,7.511374064356435,0.5492494447133007,no_fall
3.7386876618792204,3.712064350205055,1.7080377005194807,7.84341594653314,2.0108055108571437,5.501086072224783,no_fall
-2.5111305609504946,2.407640272748839,9.703967087128715,3.7211709776585944,0.9612802176237623,2.333021616641688,no_fall
-1.2409876848811887,2.6473043812948345,7.365111940693071,4.476888296436758,1.2225863445247527,2.0756197063336628,no_fall
-5.104742040212766,5.711522179536796,-5.771003418978727,6.904240940818992,6.46080725106383,3.6202617297407063,no_fall
4.785142316831683,4.2043722886540715,-0.3773222958415848,7.362276855735655,4.866110594356435,5.890410876895736,no_fall
7.0184786831578965,2.4333554912664277,3.3552458536421046,6.918565651689981,-1.0371820972631578,3.021680221633928,no_fall
7.744307513861388,0.6487864130204757,3.592197340039603,3.0453843332102344,1.6159623529356428,2.562161003178571,no_fall
7.652869974257425,1.2350587228743242,2.408808679237623,4.017914429452788,2.3517906016138617,4.169750342800689,no_fall
5.243061736502943,4.350547272155551,1.1127096310784312,3.0172652156245867,4.2708950970882364,5.101844866255562,no_fall
1.5132848042841585,2.839007929235317,2.4045640416960397,3.9854999934017314,6.789026697524756,5.791585912876557,no_fall
8.131446987128715,1.1138571470271836,3.289262938960397,3.8043592269124464,-0.13460721435643547,1.8106652978363318,no_fall
7.070773461564355,3.06429053664865,1.9795310626732678,2.0153339247348248,2.1873286462772277,3.885879031705756,no_fall
1.9566479670297028,1.1823326629187512,1.7929685256831682,3.5658667040580556,9.007656599009904,1.947004434739538,no_fall
1.1246039467722766,0.5079245912889665,2.1456885280198024,1.317862063894271,9.11255131683168,0.7044090230250879,no_fall
0.7721092392871288,0.7432974090801507,1.7919962927722775,0.7028741740646384,9.253039328712868,0.6848103472630281,no_fall
1.0529632908823527,0.40926922574006164,1.811010455490196,0.4279517572269745,9.212395617647058,0.4913266021546336,no_fall
1.1097121430693067,0.5535156723258715,1.306103733920792,1.3327513469954866,9.247454975247527,0.8102224133950252,no_fall
0.8587804930168316,0.3699775371107829,1.7853803514851485,0.5975424694847398,9.227785027722774,0.4226463340600869,no_fall
0.7848075837722771,0.2669680743619058,1.3789147059405937,0.9576514004548764,9.336094391089109,0.3665914937302254,no_fall
0.7986441612871283,0.05831754336035814,1.3957509900990097,0.1289299846668939,9.322151138613862,0.09741043959366256,no_fall
0.8426911812871287,0.057131519509657065,1.4618630039603957,0.08506710087989118,9.308148524752475,0.07449371030272883,no_fall
0.9038381009803921,0.07640613648264034,1.5942494431372558,0.09760244908224171,9.286735205882351,0.07816171341600385,no_fall
1.0148480223762375,0.0958227064623498,1.8671667128712879,0.4313094148097802,9.18791144059406,0.15826712300220924,no_fall
0.9933758495049506,0.055705077025215474,1.7768436396039606,0.07878278118411289,9.22987181683168,0.08707628141017282,no_fall
0.8148994715841583,0.22657971526258458,1.3763418364257427,0.6242483691956583,9.322056202970296,0.35924610839838045,no_fall
0.7670702141584156,0.07511670131610712,1.3176875795049507,0.26671005653938246,9.346018346534652,0.12385629705440385,no_fall
0.8075128476237626,0.05759240715711711,1.4954288455445546,0.05897090874526445,9.311231252475247,0.05951449408806329,no_fall
1.6373832842156855,1.0343183687966644,0.2228894387843134,1.967026365373496,9.043241567647058,0.6101377473316558,no_fall
2.7316146297029706,0.07941228246755482,-0.5271769948514851,0.16893530222597355,8.964593752475245,0.17734326295951627,no_fall
2.7914782643564355,0.06852900423569944,-0.42891005732673243,0.22200668179187336,8.90758739108911,0.1778931667869737,no_fall
1.0995036645544554,0.7177069503263089,0.8753322167594056,0.5799256035505903,9.330770811881187,0.3324605857032594,no_fall
0.7295798547524753,0.058160129099115915,1.0123700066336636,0.07943129123561525,9.384967044554456,0.07773419651755913,no_fall
0.8111409498019804,0.05031553012282548,1.0337947684158417,0.04210548047850933,9.370359707920793,0.05989502961708365,no_fall
0.8569239017647056,0.05738810154020336,1.0628721026470587,0.06715375032907477,9.373824676470585,0.056962163370519424,no_fall
0.884627735247525,0.05371418229968499,1.0928047296039602,0.06577750578278323,9.347393698019802,0.05598113014753636,no_fall
0.916201677128713,0.05088109001803705,1.0719728010891092,0.05427060006933532,9.358218638613867,0.06179747924912147,no_fall
0.9370454624752477,0.08037451784871184,1.056357741089109,0.2132048806345364,9.35710420792079,0.07985498130208502,no_fall
0.9353855493069307,0.0668868747086742,1.1436099626732676,0.18750184597222244,9.340789579207922,0.06489605781519911,no_fall
0.9421674841584163,0.06870635870432097,1.0928995852475247,0.08347813121495619,9.347464801980196,0.07780075508946167,no_fall
0.9235970199019607,0.14135878404517546,0.9802087072549014,0.3293138623792912,9.359583691176473,0.2658210677829218,no_fall
0.8887775195049509,0.09934997333506966,0.9979169026732673,0.07829591727511831,9.375801876237626,0.1005831380523696,no_fall
0.8789484569306933,0.08622435435631512,0.9008711795049503,0.20230546870474475,9.380402222772274,0.15001897252820184,no_fall
0.9349349994059404,0.124363552996969,1.0191638082178223,0.26178282298471905,9.351650133663366,0.10247274490694804,no_fall
0.9309393545544553,0.10924650813691102,1.1945812037623762,0.2808704608397854,9.34769010891089,0.0805493811871825,no_fall
1.2312771628712873,0.4287478328205884,1.5699234393267327,1.0808634467631282,9.207842274257425,0.5835287169965578,no_fall
1.8089679647297296,2.215878645412742,1.3474897812702709,1.977682275778312,9.090960108108108,3.2542570903822106,no_fall
1.742224081372549,0.14766370243462118,1.775578253921568,0.1979717225336276,9.063810450980393,0.18250026987580092,no_fall
1.5326583574257426,0.14670405192194066,1.5128461009900982,0.11009095979675937,9.17117001980198,0.12927959171899345,no_fall
1.4561955871287129,0.07183002281495347,1.5992920712871288,0.08106523765044829,9.171371628712873,0.08651967224491947,no_fall
1.4720714772277224,0.06524266131248613,1.56501484059406,0.08804456012493693,9.159775920792079,0.09075135410250718,no_fall
1.3770650950495058,0.08433611876877714,1.598296131683169,0.09275793268476175,9.193578881188119,0.08122449581564495,no_fall
1.410405658415842,0.06551825394973262,1.669613165346536,0.0917689743223519,9.17384954950495,0.08312540720629587,no_fall
1.3966485941176467,0.07406573656865097,1.6578935647058823,0.15848551203532749,9.189642921568627,0.10101338633956328,no_fall
1.4412682158415842,0.14618739561593455,1.6892475929702968,0.6748648028641984,9.143639143564357,0.1462719208480789,no_fall
1.2726090398019803,0.26546235520065814,2.1193314392079214,1.2907570032128317,9.041364663366336,0.3213570861362411,no_fall
1.3328283750495042,0.29093415001625134,2.239283985148515,0.834701392075738,9.050138564356434,0.19383677629514298,no_fall
1.7562844168316836,0.2535635151301062,3.2430342999999997,1.4390925647467923,8.562669171287132,0.5554209239684239,no_fall
1.8793907983168312,0.4735178123948509,3.0663719934653475,1.6070580319215884,8.589500466336641,0.8482430746802679,no_fall
3.018746017647058,0.4976905664010939,2.944441720588237,1.483142384967524,8.098699832352935,0.8287397532360686,no_fall
2.182467483762376,2.0071336892856806,2.1858940174851478,1.8398290380957367,8.889411398019803,2.3113647577892764,no_fall
2.946194156435643,0.34637786729391623,1.9092574023762372,0.8719113470888279,8.582422117821784,0.3290520903787248,no_fall
2.5938772861386137,0.19539072830175747,1.5321485307920792,1.1339258108019779,8.83912782277228,0.3742289523832268,no_fall
2.475015550495049,0.38745698075936935,1.7264889533663363,0.8780331860425792,8.813505827722773,0.4546539241647934,no_fall
2.322149300990099,0.22922617344893906,1.7136838895049502,0.5539822172136697,8.902655143564358,0.27434331890554886,no_fall
2.1807122549019615,0.3247445072649189,3.6460767557843146,1.7031158550979935,8.19507597058824,0.9043718861643449,no_fall
2.8553612544554445,1.2627897091401057,4.779142920435644,2.8965698146075534,7.132498581188119,0.8768370943733362,no_fall
